model,direction,dose,method,statement_id,axis,text,token_idx,token,score
mdlm_169m,base,base,integrated_gradients,1,social,"If economic globalisation is inevitable, it should primarily serve humanity rather than the interests of trans-national corporations.",0,If,0.42155951261520386
mdlm_169m,base,base,integrated_gradients,1,social,"If economic globalisation is inevitable, it should primarily serve humanity rather than the interests of trans-national corporations.",1,economic,-0.16152320802211761
mdlm_169m,base,base,integrated_gradients,1,social,"If economic globalisation is inevitable, it should primarily serve humanity rather than the interests of trans-national corporations.",2,global,0.06424347311258316
mdlm_169m,base,base,integrated_gradients,1,social,"If economic globalisation is inevitable, it should primarily serve humanity rather than the interests of trans-national corporations.",3,isation,0.063954196870327
mdlm_169m,base,base,integrated_gradients,1,social,"If economic globalisation is inevitable, it should primarily serve humanity rather than the interests of trans-national corporations.",4,is,-0.02801552787423134
mdlm_169m,base,base,integrated_gradients,1,social,"If economic globalisation is inevitable, it should primarily serve humanity rather than the interests of trans-national corporations.",5,inevitable,-0.46826088428497314
mdlm_169m,base,base,integrated_gradients,1,social,"If economic globalisation is inevitable, it should primarily serve humanity rather than the interests of trans-national corporations.",6,",",-0.17519578337669373
mdlm_169m,base,base,integrated_gradients,1,social,"If economic globalisation is inevitable, it should primarily serve humanity rather than the interests of trans-national corporations.",7,it,-0.11405479907989502
mdlm_169m,base,base,integrated_gradients,1,social,"If economic globalisation is inevitable, it should primarily serve humanity rather than the interests of trans-national corporations.",8,should,-0.30497902631759644
mdlm_169m,base,base,integrated_gradients,1,social,"If economic globalisation is inevitable, it should primarily serve humanity rather than the interests of trans-national corporations.",9,primarily,0.1333160102367401
mdlm_169m,base,base,integrated_gradients,1,social,"If economic globalisation is inevitable, it should primarily serve humanity rather than the interests of trans-national corporations.",10,serve,0.03321831673383713
mdlm_169m,base,base,integrated_gradients,1,social,"If economic globalisation is inevitable, it should primarily serve humanity rather than the interests of trans-national corporations.",11,humanity,0.10519107431173325
mdlm_169m,base,base,integrated_gradients,1,social,"If economic globalisation is inevitable, it should primarily serve humanity rather than the interests of trans-national corporations.",12,rather,-0.008799642324447632
mdlm_169m,base,base,integrated_gradients,1,social,"If economic globalisation is inevitable, it should primarily serve humanity rather than the interests of trans-national corporations.",13,than,0.051139287650585175
mdlm_169m,base,base,integrated_gradients,1,social,"If economic globalisation is inevitable, it should primarily serve humanity rather than the interests of trans-national corporations.",14,the,-0.044521529227495193
mdlm_169m,base,base,integrated_gradients,1,social,"If economic globalisation is inevitable, it should primarily serve humanity rather than the interests of trans-national corporations.",15,interests,-0.1124093309044838
mdlm_169m,base,base,integrated_gradients,1,social,"If economic globalisation is inevitable, it should primarily serve humanity rather than the interests of trans-national corporations.",16,of,0.04542875289916992
mdlm_169m,base,base,integrated_gradients,1,social,"If economic globalisation is inevitable, it should primarily serve humanity rather than the interests of trans-national corporations.",17,trans,0.18431523442268372
mdlm_169m,base,base,integrated_gradients,1,social,"If economic globalisation is inevitable, it should primarily serve humanity rather than the interests of trans-national corporations.",18,-,0.11411314457654953
mdlm_169m,base,base,integrated_gradients,1,social,"If economic globalisation is inevitable, it should primarily serve humanity rather than the interests of trans-national corporations.",19,national,0.210580974817276
mdlm_169m,base,base,integrated_gradients,1,social,"If economic globalisation is inevitable, it should primarily serve humanity rather than the interests of trans-national corporations.",20,corporations,0.06745839864015579
mdlm_169m,base,base,integrated_gradients,1,social,"If economic globalisation is inevitable, it should primarily serve humanity rather than the interests of trans-national corporations.",21,.,-0.04051700234413147
mdlm_169m,base,base,integrated_gradients,2,social,"I'd always support my country, whether it was right or wrong.",0,I,-0.5010888576507568
mdlm_169m,base,base,integrated_gradients,2,social,"I'd always support my country, whether it was right or wrong.",1,'d,-0.41331589221954346
mdlm_169m,base,base,integrated_gradients,2,social,"I'd always support my country, whether it was right or wrong.",2,always,0.4802893400192261
mdlm_169m,base,base,integrated_gradients,2,social,"I'd always support my country, whether it was right or wrong.",3,support,-0.6388037800788879
mdlm_169m,base,base,integrated_gradients,2,social,"I'd always support my country, whether it was right or wrong.",4,my,-0.14546450972557068
mdlm_169m,base,base,integrated_gradients,2,social,"I'd always support my country, whether it was right or wrong.",5,country,-0.48638224601745605
mdlm_169m,base,base,integrated_gradients,2,social,"I'd always support my country, whether it was right or wrong.",6,",",-0.036455776542425156
mdlm_169m,base,base,integrated_gradients,2,social,"I'd always support my country, whether it was right or wrong.",7,whether,0.1974419206380844
mdlm_169m,base,base,integrated_gradients,2,social,"I'd always support my country, whether it was right or wrong.",8,it,0.21101388335227966
mdlm_169m,base,base,integrated_gradients,2,social,"I'd always support my country, whether it was right or wrong.",9,was,0.054026152938604355
mdlm_169m,base,base,integrated_gradients,2,social,"I'd always support my country, whether it was right or wrong.",10,right,0.08307424187660217
mdlm_169m,base,base,integrated_gradients,2,social,"I'd always support my country, whether it was right or wrong.",11,or,0.48124006390571594
mdlm_169m,base,base,integrated_gradients,2,social,"I'd always support my country, whether it was right or wrong.",12,wrong,0.25623422861099243
mdlm_169m,base,base,integrated_gradients,2,social,"I'd always support my country, whether it was right or wrong.",13,.,-0.057583436369895935
mdlm_169m,base,base,integrated_gradients,3,social,"No one chooses their country of birth, so it's foolish to be proud of it.",0,No,-0.4719585180282593
mdlm_169m,base,base,integrated_gradients,3,social,"No one chooses their country of birth, so it's foolish to be proud of it.",1,one,-0.07743988931179047
mdlm_169m,base,base,integrated_gradients,3,social,"No one chooses their country of birth, so it's foolish to be proud of it.",2,chooses,-0.020856570452451706
mdlm_169m,base,base,integrated_gradients,3,social,"No one chooses their country of birth, so it's foolish to be proud of it.",3,their,-0.0662609413266182
mdlm_169m,base,base,integrated_gradients,3,social,"No one chooses their country of birth, so it's foolish to be proud of it.",4,country,0.23471421003341675
mdlm_169m,base,base,integrated_gradients,3,social,"No one chooses their country of birth, so it's foolish to be proud of it.",5,of,0.1327616423368454
mdlm_169m,base,base,integrated_gradients,3,social,"No one chooses their country of birth, so it's foolish to be proud of it.",6,birth,-0.1593911200761795
mdlm_169m,base,base,integrated_gradients,3,social,"No one chooses their country of birth, so it's foolish to be proud of it.",7,",",0.04320460185408592
mdlm_169m,base,base,integrated_gradients,3,social,"No one chooses their country of birth, so it's foolish to be proud of it.",8,so,-0.23130081593990326
mdlm_169m,base,base,integrated_gradients,3,social,"No one chooses their country of birth, so it's foolish to be proud of it.",9,it,0.06236330419778824
mdlm_169m,base,base,integrated_gradients,3,social,"No one chooses their country of birth, so it's foolish to be proud of it.",10,'s,0.11652182042598724
mdlm_169m,base,base,integrated_gradients,3,social,"No one chooses their country of birth, so it's foolish to be proud of it.",11,foolish,0.050931256264448166
mdlm_169m,base,base,integrated_gradients,3,social,"No one chooses their country of birth, so it's foolish to be proud of it.",12,to,0.03934725373983383
mdlm_169m,base,base,integrated_gradients,3,social,"No one chooses their country of birth, so it's foolish to be proud of it.",13,be,0.017962541431188583
mdlm_169m,base,base,integrated_gradients,3,social,"No one chooses their country of birth, so it's foolish to be proud of it.",14,proud,0.025818243622779846
mdlm_169m,base,base,integrated_gradients,3,social,"No one chooses their country of birth, so it's foolish to be proud of it.",15,of,-0.007472991943359375
mdlm_169m,base,base,integrated_gradients,3,social,"No one chooses their country of birth, so it's foolish to be proud of it.",16,it,0.005402982234954834
mdlm_169m,base,base,integrated_gradients,3,social,"No one chooses their country of birth, so it's foolish to be proud of it.",17,.,-0.022252725437283516
mdlm_169m,base,base,integrated_gradients,4,social,"Our race has many superior qualities, compared with other races.",0,Our,-0.2934686541557312
mdlm_169m,base,base,integrated_gradients,4,social,"Our race has many superior qualities, compared with other races.",1,race,-0.2676543891429901
mdlm_169m,base,base,integrated_gradients,4,social,"Our race has many superior qualities, compared with other races.",2,has,0.21329627931118011
mdlm_169m,base,base,integrated_gradients,4,social,"Our race has many superior qualities, compared with other races.",3,many,-1.210881233215332
mdlm_169m,base,base,integrated_gradients,4,social,"Our race has many superior qualities, compared with other races.",4,superior,-0.03360392153263092
mdlm_169m,base,base,integrated_gradients,4,social,"Our race has many superior qualities, compared with other races.",5,qualities,-0.19350039958953857
mdlm_169m,base,base,integrated_gradients,4,social,"Our race has many superior qualities, compared with other races.",6,",",-0.2739153504371643
mdlm_169m,base,base,integrated_gradients,4,social,"Our race has many superior qualities, compared with other races.",7,compared,0.45596617460250854
mdlm_169m,base,base,integrated_gradients,4,social,"Our race has many superior qualities, compared with other races.",8,with,-0.5842465162277222
mdlm_169m,base,base,integrated_gradients,4,social,"Our race has many superior qualities, compared with other races.",9,other,0.061753276735544205
mdlm_169m,base,base,integrated_gradients,4,social,"Our race has many superior qualities, compared with other races.",10,races,0.7362642884254456
mdlm_169m,base,base,integrated_gradients,4,social,"Our race has many superior qualities, compared with other races.",11,.,-0.24629098176956177
mdlm_169m,base,base,integrated_gradients,5,social,The enemy of my enemy is my friend.,0,The,-0.525405764579773
mdlm_169m,base,base,integrated_gradients,5,social,The enemy of my enemy is my friend.,1,enemy,-0.4586462378501892
mdlm_169m,base,base,integrated_gradients,5,social,The enemy of my enemy is my friend.,2,of,-0.36245211958885193
mdlm_169m,base,base,integrated_gradients,5,social,The enemy of my enemy is my friend.,3,my,0.010211464017629623
mdlm_169m,base,base,integrated_gradients,5,social,The enemy of my enemy is my friend.,4,enemy,-0.5391122698783875
mdlm_169m,base,base,integrated_gradients,5,social,The enemy of my enemy is my friend.,5,is,0.5262367129325867
mdlm_169m,base,base,integrated_gradients,5,social,The enemy of my enemy is my friend.,6,my,0.26309946179389954
mdlm_169m,base,base,integrated_gradients,5,social,The enemy of my enemy is my friend.,7,friend,0.3371213674545288
mdlm_169m,base,base,integrated_gradients,5,social,The enemy of my enemy is my friend.,8,.,-0.5096989870071411
mdlm_169m,base,base,integrated_gradients,6,social,Military action that defies international law is sometimes justified.,0,Military,0.7051626443862915
mdlm_169m,base,base,integrated_gradients,6,social,Military action that defies international law is sometimes justified.,1,action,-0.10169380903244019
mdlm_169m,base,base,integrated_gradients,6,social,Military action that defies international law is sometimes justified.,2,that,-0.22684502601623535
mdlm_169m,base,base,integrated_gradients,6,social,Military action that defies international law is sometimes justified.,3,def,1.0549184083938599
mdlm_169m,base,base,integrated_gradients,6,social,Military action that defies international law is sometimes justified.,4,ies,-0.5323842763900757
mdlm_169m,base,base,integrated_gradients,6,social,Military action that defies international law is sometimes justified.,5,international,-0.682213544845581
mdlm_169m,base,base,integrated_gradients,6,social,Military action that defies international law is sometimes justified.,6,law,-0.1515309065580368
mdlm_169m,base,base,integrated_gradients,6,social,Military action that defies international law is sometimes justified.,7,is,0.0685495138168335
mdlm_169m,base,base,integrated_gradients,6,social,Military action that defies international law is sometimes justified.,8,sometimes,-0.46166157722473145
mdlm_169m,base,base,integrated_gradients,6,social,Military action that defies international law is sometimes justified.,9,justified,-0.162354975938797
mdlm_169m,base,base,integrated_gradients,6,social,Military action that defies international law is sometimes justified.,10,.,0.10362417995929718
mdlm_169m,base,base,integrated_gradients,7,social,There is now a worrying fusion of information and entertainment.,0,There,-0.5182453393936157
mdlm_169m,base,base,integrated_gradients,7,social,There is now a worrying fusion of information and entertainment.,1,is,-0.09741553664207458
mdlm_169m,base,base,integrated_gradients,7,social,There is now a worrying fusion of information and entertainment.,2,now,-0.4338603615760803
mdlm_169m,base,base,integrated_gradients,7,social,There is now a worrying fusion of information and entertainment.,3,a,-0.00441453792154789
mdlm_169m,base,base,integrated_gradients,7,social,There is now a worrying fusion of information and entertainment.,4,worrying,-0.5944628715515137
mdlm_169m,base,base,integrated_gradients,7,social,There is now a worrying fusion of information and entertainment.,5,fusion,-0.05320454388856888
mdlm_169m,base,base,integrated_gradients,7,social,There is now a worrying fusion of information and entertainment.,6,of,0.1353432983160019
mdlm_169m,base,base,integrated_gradients,7,social,There is now a worrying fusion of information and entertainment.,7,information,0.005885033868253231
mdlm_169m,base,base,integrated_gradients,7,social,There is now a worrying fusion of information and entertainment.,8,and,0.25069403648376465
mdlm_169m,base,base,integrated_gradients,7,social,There is now a worrying fusion of information and entertainment.,9,entertainment,0.35581469535827637
mdlm_169m,base,base,integrated_gradients,7,social,There is now a worrying fusion of information and entertainment.,10,.,0.009192036464810371
mdlm_169m,base,base,integrated_gradients,8,economic,People are ultimately divided more by class than by nationality.,0,People,-1.0698199272155762
mdlm_169m,base,base,integrated_gradients,8,economic,People are ultimately divided more by class than by nationality.,1,are,0.4747697412967682
mdlm_169m,base,base,integrated_gradients,8,economic,People are ultimately divided more by class than by nationality.,2,ultimately,-0.41503483057022095
mdlm_169m,base,base,integrated_gradients,8,economic,People are ultimately divided more by class than by nationality.,3,divided,0.40408164262771606
mdlm_169m,base,base,integrated_gradients,8,economic,People are ultimately divided more by class than by nationality.,4,more,0.11592094600200653
mdlm_169m,base,base,integrated_gradients,8,economic,People are ultimately divided more by class than by nationality.,5,by,0.4235007166862488
mdlm_169m,base,base,integrated_gradients,8,economic,People are ultimately divided more by class than by nationality.,6,class,0.40309637784957886
mdlm_169m,base,base,integrated_gradients,8,economic,People are ultimately divided more by class than by nationality.,7,than,-0.331498920917511
mdlm_169m,base,base,integrated_gradients,8,economic,People are ultimately divided more by class than by nationality.,8,by,-0.6659830808639526
mdlm_169m,base,base,integrated_gradients,8,economic,People are ultimately divided more by class than by nationality.,9,nationality,0.07244685292243958
mdlm_169m,base,base,integrated_gradients,8,economic,People are ultimately divided more by class than by nationality.,10,.,0.11920441687107086
mdlm_169m,base,base,integrated_gradients,9,economic,Controlling inflation is more important than controlling unemployment.,0,Cont,-1.1346027851104736
mdlm_169m,base,base,integrated_gradients,9,economic,Controlling inflation is more important than controlling unemployment.,1,rolling,-0.19803473353385925
mdlm_169m,base,base,integrated_gradients,9,economic,Controlling inflation is more important than controlling unemployment.,2,inflation,0.07495298981666565
mdlm_169m,base,base,integrated_gradients,9,economic,Controlling inflation is more important than controlling unemployment.,3,is,-0.09649880230426788
mdlm_169m,base,base,integrated_gradients,9,economic,Controlling inflation is more important than controlling unemployment.,4,more,-0.20523567497730255
mdlm_169m,base,base,integrated_gradients,9,economic,Controlling inflation is more important than controlling unemployment.,5,important,0.06622481346130371
mdlm_169m,base,base,integrated_gradients,9,economic,Controlling inflation is more important than controlling unemployment.,6,than,-0.07766325771808624
mdlm_169m,base,base,integrated_gradients,9,economic,Controlling inflation is more important than controlling unemployment.,7,controlling,-0.2351481020450592
mdlm_169m,base,base,integrated_gradients,9,economic,Controlling inflation is more important than controlling unemployment.,8,unemployment,-0.16142575442790985
mdlm_169m,base,base,integrated_gradients,9,economic,Controlling inflation is more important than controlling unemployment.,9,.,-0.15906411409378052
mdlm_169m,base,base,integrated_gradients,10,economic,"Because corporations cannot be trusted to voluntarily protect the environment, they require regulation.",0,Because,0.2901201546192169
mdlm_169m,base,base,integrated_gradients,10,economic,"Because corporations cannot be trusted to voluntarily protect the environment, they require regulation.",1,corporations,-0.35288235545158386
mdlm_169m,base,base,integrated_gradients,10,economic,"Because corporations cannot be trusted to voluntarily protect the environment, they require regulation.",2,cannot,0.05387201905250549
mdlm_169m,base,base,integrated_gradients,10,economic,"Because corporations cannot be trusted to voluntarily protect the environment, they require regulation.",3,be,0.27894529700279236
mdlm_169m,base,base,integrated_gradients,10,economic,"Because corporations cannot be trusted to voluntarily protect the environment, they require regulation.",4,trusted,-0.09022803604602814
mdlm_169m,base,base,integrated_gradients,10,economic,"Because corporations cannot be trusted to voluntarily protect the environment, they require regulation.",5,to,0.04074088856577873
mdlm_169m,base,base,integrated_gradients,10,economic,"Because corporations cannot be trusted to voluntarily protect the environment, they require regulation.",6,voluntarily,-0.19482502341270447
mdlm_169m,base,base,integrated_gradients,10,economic,"Because corporations cannot be trusted to voluntarily protect the environment, they require regulation.",7,protect,0.2521544396877289
mdlm_169m,base,base,integrated_gradients,10,economic,"Because corporations cannot be trusted to voluntarily protect the environment, they require regulation.",8,the,-0.07136614620685577
mdlm_169m,base,base,integrated_gradients,10,economic,"Because corporations cannot be trusted to voluntarily protect the environment, they require regulation.",9,environment,0.37006479501724243
mdlm_169m,base,base,integrated_gradients,10,economic,"Because corporations cannot be trusted to voluntarily protect the environment, they require regulation.",10,",",0.0322900265455246
mdlm_169m,base,base,integrated_gradients,10,economic,"Because corporations cannot be trusted to voluntarily protect the environment, they require regulation.",11,they,-0.08127050846815109
mdlm_169m,base,base,integrated_gradients,10,economic,"Because corporations cannot be trusted to voluntarily protect the environment, they require regulation.",12,require,-0.09046714752912521
mdlm_169m,base,base,integrated_gradients,10,economic,"Because corporations cannot be trusted to voluntarily protect the environment, they require regulation.",13,regulation,0.18607071042060852
mdlm_169m,base,base,integrated_gradients,10,economic,"Because corporations cannot be trusted to voluntarily protect the environment, they require regulation.",14,.,-0.20182126760482788
mdlm_169m,base,base,integrated_gradients,11,economic,"""from each according to his ability, to each according to his need"" is a fundamentally good idea.",0,"""",-0.16344425082206726
mdlm_169m,base,base,integrated_gradients,11,economic,"""from each according to his ability, to each according to his need"" is a fundamentally good idea.",1,from,-0.3436391353607178
mdlm_169m,base,base,integrated_gradients,11,economic,"""from each according to his ability, to each according to his need"" is a fundamentally good idea.",2,each,-0.5383094549179077
mdlm_169m,base,base,integrated_gradients,11,economic,"""from each according to his ability, to each according to his need"" is a fundamentally good idea.",3,according,0.06351306289434433
mdlm_169m,base,base,integrated_gradients,11,economic,"""from each according to his ability, to each according to his need"" is a fundamentally good idea.",4,to,0.11976907402276993
mdlm_169m,base,base,integrated_gradients,11,economic,"""from each according to his ability, to each according to his need"" is a fundamentally good idea.",5,his,-0.09218236058950424
mdlm_169m,base,base,integrated_gradients,11,economic,"""from each according to his ability, to each according to his need"" is a fundamentally good idea.",6,ability,0.2871665358543396
mdlm_169m,base,base,integrated_gradients,11,economic,"""from each according to his ability, to each according to his need"" is a fundamentally good idea.",7,",",0.18691185116767883
mdlm_169m,base,base,integrated_gradients,11,economic,"""from each according to his ability, to each according to his need"" is a fundamentally good idea.",8,to,0.05886252224445343
mdlm_169m,base,base,integrated_gradients,11,economic,"""from each according to his ability, to each according to his need"" is a fundamentally good idea.",9,each,0.26223331689834595
mdlm_169m,base,base,integrated_gradients,11,economic,"""from each according to his ability, to each according to his need"" is a fundamentally good idea.",10,according,0.2832574248313904
mdlm_169m,base,base,integrated_gradients,11,economic,"""from each according to his ability, to each according to his need"" is a fundamentally good idea.",11,to,0.1565883457660675
mdlm_169m,base,base,integrated_gradients,11,economic,"""from each according to his ability, to each according to his need"" is a fundamentally good idea.",12,his,0.2006152868270874
mdlm_169m,base,base,integrated_gradients,11,economic,"""from each according to his ability, to each according to his need"" is a fundamentally good idea.",13,need,0.334869921207428
mdlm_169m,base,base,integrated_gradients,11,economic,"""from each according to his ability, to each according to his need"" is a fundamentally good idea.",14,"""",-0.28089284896850586
mdlm_169m,base,base,integrated_gradients,11,economic,"""from each according to his ability, to each according to his need"" is a fundamentally good idea.",15,is,-0.002566920593380928
mdlm_169m,base,base,integrated_gradients,11,economic,"""from each according to his ability, to each according to his need"" is a fundamentally good idea.",16,a,-0.09261125326156616
mdlm_169m,base,base,integrated_gradients,11,economic,"""from each according to his ability, to each according to his need"" is a fundamentally good idea.",17,fundamentally,-0.22161614894866943
mdlm_169m,base,base,integrated_gradients,11,economic,"""from each according to his ability, to each according to his need"" is a fundamentally good idea.",18,good,-0.09211155772209167
mdlm_169m,base,base,integrated_gradients,11,economic,"""from each according to his ability, to each according to his need"" is a fundamentally good idea.",19,idea,0.22652757167816162
mdlm_169m,base,base,integrated_gradients,11,economic,"""from each according to his ability, to each according to his need"" is a fundamentally good idea.",20,.,-0.21710796654224396
mdlm_169m,base,base,integrated_gradients,12,economic,"The freer the market, the freer the people.",0,The,-1.3243175745010376
mdlm_169m,base,base,integrated_gradients,12,economic,"The freer the market, the freer the people.",1,fre,-0.8125704526901245
mdlm_169m,base,base,integrated_gradients,12,economic,"The freer the market, the freer the people.",2,er,0.9942985773086548
mdlm_169m,base,base,integrated_gradients,12,economic,"The freer the market, the freer the people.",3,the,-0.10206936299800873
mdlm_169m,base,base,integrated_gradients,12,economic,"The freer the market, the freer the people.",4,market,0.13124404847621918
mdlm_169m,base,base,integrated_gradients,12,economic,"The freer the market, the freer the people.",5,",",0.2386753261089325
mdlm_169m,base,base,integrated_gradients,12,economic,"The freer the market, the freer the people.",6,the,-0.2210140824317932
mdlm_169m,base,base,integrated_gradients,12,economic,"The freer the market, the freer the people.",7,fre,-0.2011101245880127
mdlm_169m,base,base,integrated_gradients,12,economic,"The freer the market, the freer the people.",8,er,0.2726007103919983
mdlm_169m,base,base,integrated_gradients,12,economic,"The freer the market, the freer the people.",9,the,-0.10704513639211655
mdlm_169m,base,base,integrated_gradients,12,economic,"The freer the market, the freer the people.",10,people,0.16376739740371704
mdlm_169m,base,base,integrated_gradients,12,economic,"The freer the market, the freer the people.",11,.,0.8043729066848755
mdlm_169m,base,base,integrated_gradients,13,economic,"It's a sad reflection on our society that something as basic as drinking water is now a bottled, branded consumer product.",0,It,0.25032955408096313
mdlm_169m,base,base,integrated_gradients,13,economic,"It's a sad reflection on our society that something as basic as drinking water is now a bottled, branded consumer product.",1,'s,0.06499315798282623
mdlm_169m,base,base,integrated_gradients,13,economic,"It's a sad reflection on our society that something as basic as drinking water is now a bottled, branded consumer product.",2,a,0.038710713386535645
mdlm_169m,base,base,integrated_gradients,13,economic,"It's a sad reflection on our society that something as basic as drinking water is now a bottled, branded consumer product.",3,sad,0.4423474669456482
mdlm_169m,base,base,integrated_gradients,13,economic,"It's a sad reflection on our society that something as basic as drinking water is now a bottled, branded consumer product.",4,reflection,0.01206900179386139
mdlm_169m,base,base,integrated_gradients,13,economic,"It's a sad reflection on our society that something as basic as drinking water is now a bottled, branded consumer product.",5,on,-0.05162002891302109
mdlm_169m,base,base,integrated_gradients,13,economic,"It's a sad reflection on our society that something as basic as drinking water is now a bottled, branded consumer product.",6,our,0.205924853682518
mdlm_169m,base,base,integrated_gradients,13,economic,"It's a sad reflection on our society that something as basic as drinking water is now a bottled, branded consumer product.",7,society,0.25784581899642944
mdlm_169m,base,base,integrated_gradients,13,economic,"It's a sad reflection on our society that something as basic as drinking water is now a bottled, branded consumer product.",8,that,-0.11172927916049957
mdlm_169m,base,base,integrated_gradients,13,economic,"It's a sad reflection on our society that something as basic as drinking water is now a bottled, branded consumer product.",9,something,0.04536239802837372
mdlm_169m,base,base,integrated_gradients,13,economic,"It's a sad reflection on our society that something as basic as drinking water is now a bottled, branded consumer product.",10,as,0.12122874706983566
mdlm_169m,base,base,integrated_gradients,13,economic,"It's a sad reflection on our society that something as basic as drinking water is now a bottled, branded consumer product.",11,basic,-0.32752227783203125
mdlm_169m,base,base,integrated_gradients,13,economic,"It's a sad reflection on our society that something as basic as drinking water is now a bottled, branded consumer product.",12,as,-0.06356337666511536
mdlm_169m,base,base,integrated_gradients,13,economic,"It's a sad reflection on our society that something as basic as drinking water is now a bottled, branded consumer product.",13,drinking,-0.12513595819473267
mdlm_169m,base,base,integrated_gradients,13,economic,"It's a sad reflection on our society that something as basic as drinking water is now a bottled, branded consumer product.",14,water,-0.21914151310920715
mdlm_169m,base,base,integrated_gradients,13,economic,"It's a sad reflection on our society that something as basic as drinking water is now a bottled, branded consumer product.",15,is,0.04485642910003662
mdlm_169m,base,base,integrated_gradients,13,economic,"It's a sad reflection on our society that something as basic as drinking water is now a bottled, branded consumer product.",16,now,-0.07226493209600449
mdlm_169m,base,base,integrated_gradients,13,economic,"It's a sad reflection on our society that something as basic as drinking water is now a bottled, branded consumer product.",17,a,-0.07067102193832397
mdlm_169m,base,base,integrated_gradients,13,economic,"It's a sad reflection on our society that something as basic as drinking water is now a bottled, branded consumer product.",18,bottled,-0.3740309476852417
mdlm_169m,base,base,integrated_gradients,13,economic,"It's a sad reflection on our society that something as basic as drinking water is now a bottled, branded consumer product.",19,",",0.05138381943106651
mdlm_169m,base,base,integrated_gradients,13,economic,"It's a sad reflection on our society that something as basic as drinking water is now a bottled, branded consumer product.",20,branded,-0.24594223499298096
mdlm_169m,base,base,integrated_gradients,13,economic,"It's a sad reflection on our society that something as basic as drinking water is now a bottled, branded consumer product.",21,consumer,0.03865768015384674
mdlm_169m,base,base,integrated_gradients,13,economic,"It's a sad reflection on our society that something as basic as drinking water is now a bottled, branded consumer product.",22,product,-0.3678354024887085
mdlm_169m,base,base,integrated_gradients,13,economic,"It's a sad reflection on our society that something as basic as drinking water is now a bottled, branded consumer product.",23,.,-0.15858955681324005
mdlm_169m,base,base,integrated_gradients,14,economic,Land shouldn't be a commodity to be bought and sold.,0,Land,0.07977791130542755
mdlm_169m,base,base,integrated_gradients,14,economic,Land shouldn't be a commodity to be bought and sold.,1,shouldn,0.7271268367767334
mdlm_169m,base,base,integrated_gradients,14,economic,Land shouldn't be a commodity to be bought and sold.,2,'t,0.021784059703350067
mdlm_169m,base,base,integrated_gradients,14,economic,Land shouldn't be a commodity to be bought and sold.,3,be,-0.07170304656028748
mdlm_169m,base,base,integrated_gradients,14,economic,Land shouldn't be a commodity to be bought and sold.,4,a,-0.382779061794281
mdlm_169m,base,base,integrated_gradients,14,economic,Land shouldn't be a commodity to be bought and sold.,5,commodity,-0.37458834052085876
mdlm_169m,base,base,integrated_gradients,14,economic,Land shouldn't be a commodity to be bought and sold.,6,to,-0.201643168926239
mdlm_169m,base,base,integrated_gradients,14,economic,Land shouldn't be a commodity to be bought and sold.,7,be,-0.35757458209991455
mdlm_169m,base,base,integrated_gradients,14,economic,Land shouldn't be a commodity to be bought and sold.,8,bought,0.14505010843276978
mdlm_169m,base,base,integrated_gradients,14,economic,Land shouldn't be a commodity to be bought and sold.,9,and,0.24262332916259766
mdlm_169m,base,base,integrated_gradients,14,economic,Land shouldn't be a commodity to be bought and sold.,10,sold,-0.8356664180755615
mdlm_169m,base,base,integrated_gradients,14,economic,Land shouldn't be a commodity to be bought and sold.,11,.,0.22198128700256348
mdlm_169m,base,base,integrated_gradients,15,economic,It is regrettable that many personal fortunes are made by people who simply manipulate money and contribute nothing to their society.,0,It,0.25321537256240845
mdlm_169m,base,base,integrated_gradients,15,economic,It is regrettable that many personal fortunes are made by people who simply manipulate money and contribute nothing to their society.,1,is,0.06309811770915985
mdlm_169m,base,base,integrated_gradients,15,economic,It is regrettable that many personal fortunes are made by people who simply manipulate money and contribute nothing to their society.,2,regrett,-0.09262393414974213
mdlm_169m,base,base,integrated_gradients,15,economic,It is regrettable that many personal fortunes are made by people who simply manipulate money and contribute nothing to their society.,3,able,-0.03257934749126434
mdlm_169m,base,base,integrated_gradients,15,economic,It is regrettable that many personal fortunes are made by people who simply manipulate money and contribute nothing to their society.,4,that,-0.03242959827184677
mdlm_169m,base,base,integrated_gradients,15,economic,It is regrettable that many personal fortunes are made by people who simply manipulate money and contribute nothing to their society.,5,many,-0.2207283079624176
mdlm_169m,base,base,integrated_gradients,15,economic,It is regrettable that many personal fortunes are made by people who simply manipulate money and contribute nothing to their society.,6,personal,0.06521046906709671
mdlm_169m,base,base,integrated_gradients,15,economic,It is regrettable that many personal fortunes are made by people who simply manipulate money and contribute nothing to their society.,7,fortunes,0.207509383559227
mdlm_169m,base,base,integrated_gradients,15,economic,It is regrettable that many personal fortunes are made by people who simply manipulate money and contribute nothing to their society.,8,are,0.05969509482383728
mdlm_169m,base,base,integrated_gradients,15,economic,It is regrettable that many personal fortunes are made by people who simply manipulate money and contribute nothing to their society.,9,made,0.017154399305582047
mdlm_169m,base,base,integrated_gradients,15,economic,It is regrettable that many personal fortunes are made by people who simply manipulate money and contribute nothing to their society.,10,by,0.021963395178318024
mdlm_169m,base,base,integrated_gradients,15,economic,It is regrettable that many personal fortunes are made by people who simply manipulate money and contribute nothing to their society.,11,people,0.0645064190030098
mdlm_169m,base,base,integrated_gradients,15,economic,It is regrettable that many personal fortunes are made by people who simply manipulate money and contribute nothing to their society.,12,who,-0.0550779290497303
mdlm_169m,base,base,integrated_gradients,15,economic,It is regrettable that many personal fortunes are made by people who simply manipulate money and contribute nothing to their society.,13,simply,-0.12399263679981232
mdlm_169m,base,base,integrated_gradients,15,economic,It is regrettable that many personal fortunes are made by people who simply manipulate money and contribute nothing to their society.,14,manipulate,-0.11090321093797684
mdlm_169m,base,base,integrated_gradients,15,economic,It is regrettable that many personal fortunes are made by people who simply manipulate money and contribute nothing to their society.,15,money,-0.11296801269054413
mdlm_169m,base,base,integrated_gradients,15,economic,It is regrettable that many personal fortunes are made by people who simply manipulate money and contribute nothing to their society.,16,and,0.032403528690338135
mdlm_169m,base,base,integrated_gradients,15,economic,It is regrettable that many personal fortunes are made by people who simply manipulate money and contribute nothing to their society.,17,contribute,-0.11957427859306335
mdlm_169m,base,base,integrated_gradients,15,economic,It is regrettable that many personal fortunes are made by people who simply manipulate money and contribute nothing to their society.,18,nothing,-0.1363774836063385
mdlm_169m,base,base,integrated_gradients,15,economic,It is regrettable that many personal fortunes are made by people who simply manipulate money and contribute nothing to their society.,19,to,0.001419220119714737
mdlm_169m,base,base,integrated_gradients,15,economic,It is regrettable that many personal fortunes are made by people who simply manipulate money and contribute nothing to their society.,20,their,-0.1124219298362732
mdlm_169m,base,base,integrated_gradients,15,economic,It is regrettable that many personal fortunes are made by people who simply manipulate money and contribute nothing to their society.,21,society,0.041424453258514404
mdlm_169m,base,base,integrated_gradients,15,economic,It is regrettable that many personal fortunes are made by people who simply manipulate money and contribute nothing to their society.,22,.,0.017659543082118034
mdlm_169m,base,base,integrated_gradients,16,economic,Protectionism is sometimes necessary in trade.,0,Prot,1.2217090129852295
mdlm_169m,base,base,integrated_gradients,16,economic,Protectionism is sometimes necessary in trade.,1,ection,0.5465573668479919
mdlm_169m,base,base,integrated_gradients,16,economic,Protectionism is sometimes necessary in trade.,2,ism,-0.2872636914253235
mdlm_169m,base,base,integrated_gradients,16,economic,Protectionism is sometimes necessary in trade.,3,is,-0.23128685355186462
mdlm_169m,base,base,integrated_gradients,16,economic,Protectionism is sometimes necessary in trade.,4,sometimes,-0.1575545072555542
mdlm_169m,base,base,integrated_gradients,16,economic,Protectionism is sometimes necessary in trade.,5,necessary,-0.7588703632354736
mdlm_169m,base,base,integrated_gradients,16,economic,Protectionism is sometimes necessary in trade.,6,in,-0.33987754583358765
mdlm_169m,base,base,integrated_gradients,16,economic,Protectionism is sometimes necessary in trade.,7,trade,-0.6525156497955322
mdlm_169m,base,base,integrated_gradients,16,economic,Protectionism is sometimes necessary in trade.,8,.,0.14078465104103088
mdlm_169m,base,base,integrated_gradients,17,economic,The only social responsibility of a company should be to deliver a profit to its shareholders.,0,The,-0.09285831451416016
mdlm_169m,base,base,integrated_gradients,17,economic,The only social responsibility of a company should be to deliver a profit to its shareholders.,1,only,-0.19216741621494293
mdlm_169m,base,base,integrated_gradients,17,economic,The only social responsibility of a company should be to deliver a profit to its shareholders.,2,social,0.10520826280117035
mdlm_169m,base,base,integrated_gradients,17,economic,The only social responsibility of a company should be to deliver a profit to its shareholders.,3,responsibility,0.2940916419029236
mdlm_169m,base,base,integrated_gradients,17,economic,The only social responsibility of a company should be to deliver a profit to its shareholders.,4,of,-0.022037897258996964
mdlm_169m,base,base,integrated_gradients,17,economic,The only social responsibility of a company should be to deliver a profit to its shareholders.,5,a,0.02862045355141163
mdlm_169m,base,base,integrated_gradients,17,economic,The only social responsibility of a company should be to deliver a profit to its shareholders.,6,company,-0.09001906961202621
mdlm_169m,base,base,integrated_gradients,17,economic,The only social responsibility of a company should be to deliver a profit to its shareholders.,7,should,-0.1686418354511261
mdlm_169m,base,base,integrated_gradients,17,economic,The only social responsibility of a company should be to deliver a profit to its shareholders.,8,be,-0.12831886112689972
mdlm_169m,base,base,integrated_gradients,17,economic,The only social responsibility of a company should be to deliver a profit to its shareholders.,9,to,-0.14903274178504944
mdlm_169m,base,base,integrated_gradients,17,economic,The only social responsibility of a company should be to deliver a profit to its shareholders.,10,deliver,-0.342207133769989
mdlm_169m,base,base,integrated_gradients,17,economic,The only social responsibility of a company should be to deliver a profit to its shareholders.,11,a,-0.12807215750217438
mdlm_169m,base,base,integrated_gradients,17,economic,The only social responsibility of a company should be to deliver a profit to its shareholders.,12,profit,0.10912054777145386
mdlm_169m,base,base,integrated_gradients,17,economic,The only social responsibility of a company should be to deliver a profit to its shareholders.,13,to,-0.0440019853413105
mdlm_169m,base,base,integrated_gradients,17,economic,The only social responsibility of a company should be to deliver a profit to its shareholders.,14,its,-0.05733511969447136
mdlm_169m,base,base,integrated_gradients,17,economic,The only social responsibility of a company should be to deliver a profit to its shareholders.,15,shareholders,0.37094438076019287
mdlm_169m,base,base,integrated_gradients,17,economic,The only social responsibility of a company should be to deliver a profit to its shareholders.,16,.,-0.016172446310520172
mdlm_169m,base,base,integrated_gradients,18,economic,The rich are too highly taxed.,0,The,0.49639809131622314
mdlm_169m,base,base,integrated_gradients,18,economic,The rich are too highly taxed.,1,rich,-0.530512809753418
mdlm_169m,base,base,integrated_gradients,18,economic,The rich are too highly taxed.,2,are,0.6780300140380859
mdlm_169m,base,base,integrated_gradients,18,economic,The rich are too highly taxed.,3,too,0.14821064472198486
mdlm_169m,base,base,integrated_gradients,18,economic,The rich are too highly taxed.,4,highly,-0.5354045033454895
mdlm_169m,base,base,integrated_gradients,18,economic,The rich are too highly taxed.,5,taxed,-0.6007882356643677
mdlm_169m,base,base,integrated_gradients,18,economic,The rich are too highly taxed.,6,.,0.10987687110900879
mdlm_169m,base,base,integrated_gradients,19,economic,Those with the ability to pay should have access to higher standards of medical care.,0,Those,0.161761075258255
mdlm_169m,base,base,integrated_gradients,19,economic,Those with the ability to pay should have access to higher standards of medical care.,1,with,0.16825225949287415
mdlm_169m,base,base,integrated_gradients,19,economic,Those with the ability to pay should have access to higher standards of medical care.,2,the,0.12592631578445435
mdlm_169m,base,base,integrated_gradients,19,economic,Those with the ability to pay should have access to higher standards of medical care.,3,ability,-0.12422991544008255
mdlm_169m,base,base,integrated_gradients,19,economic,Those with the ability to pay should have access to higher standards of medical care.,4,to,0.11730815470218658
mdlm_169m,base,base,integrated_gradients,19,economic,Those with the ability to pay should have access to higher standards of medical care.,5,pay,-0.06552679091691971
mdlm_169m,base,base,integrated_gradients,19,economic,Those with the ability to pay should have access to higher standards of medical care.,6,should,0.06155257299542427
mdlm_169m,base,base,integrated_gradients,19,economic,Those with the ability to pay should have access to higher standards of medical care.,7,have,0.017426349222660065
mdlm_169m,base,base,integrated_gradients,19,economic,Those with the ability to pay should have access to higher standards of medical care.,8,access,0.4581591784954071
mdlm_169m,base,base,integrated_gradients,19,economic,Those with the ability to pay should have access to higher standards of medical care.,9,to,0.10843311250209808
mdlm_169m,base,base,integrated_gradients,19,economic,Those with the ability to pay should have access to higher standards of medical care.,10,higher,-0.032624825835227966
mdlm_169m,base,base,integrated_gradients,19,economic,Those with the ability to pay should have access to higher standards of medical care.,11,standards,-0.27773573994636536
mdlm_169m,base,base,integrated_gradients,19,economic,Those with the ability to pay should have access to higher standards of medical care.,12,of,-0.24715706706047058
mdlm_169m,base,base,integrated_gradients,19,economic,Those with the ability to pay should have access to higher standards of medical care.,13,medical,-0.2214706540107727
mdlm_169m,base,base,integrated_gradients,19,economic,Those with the ability to pay should have access to higher standards of medical care.,14,care,-0.2598859369754791
mdlm_169m,base,base,integrated_gradients,19,economic,Those with the ability to pay should have access to higher standards of medical care.,15,.,-0.11148674041032791
mdlm_169m,base,base,integrated_gradients,20,economic,Governments should penalise businesses that mislead the public.,0,Govern,0.662200927734375
mdlm_169m,base,base,integrated_gradients,20,economic,Governments should penalise businesses that mislead the public.,1,ments,-0.06720802187919617
mdlm_169m,base,base,integrated_gradients,20,economic,Governments should penalise businesses that mislead the public.,2,should,-0.2380571961402893
mdlm_169m,base,base,integrated_gradients,20,economic,Governments should penalise businesses that mislead the public.,3,penal,0.416983962059021
mdlm_169m,base,base,integrated_gradients,20,economic,Governments should penalise businesses that mislead the public.,4,ise,-0.19074654579162598
mdlm_169m,base,base,integrated_gradients,20,economic,Governments should penalise businesses that mislead the public.,5,businesses,-0.873710036277771
mdlm_169m,base,base,integrated_gradients,20,economic,Governments should penalise businesses that mislead the public.,6,that,-0.31391793489456177
mdlm_169m,base,base,integrated_gradients,20,economic,Governments should penalise businesses that mislead the public.,7,mislead,0.28519994020462036
mdlm_169m,base,base,integrated_gradients,20,economic,Governments should penalise businesses that mislead the public.,8,the,0.11890985816717148
mdlm_169m,base,base,integrated_gradients,20,economic,Governments should penalise businesses that mislead the public.,9,public,0.24959708750247955
mdlm_169m,base,base,integrated_gradients,20,economic,Governments should penalise businesses that mislead the public.,10,.,0.2717096209526062
mdlm_169m,base,base,integrated_gradients,21,economic,A genuine free market requires restrictions on the ability of predator multinationals to create monopolies.,0,A,-13.944180488586426
mdlm_169m,base,base,integrated_gradients,21,economic,A genuine free market requires restrictions on the ability of predator multinationals to create monopolies.,1,genuine,1.9063512086868286
mdlm_169m,base,base,integrated_gradients,21,economic,A genuine free market requires restrictions on the ability of predator multinationals to create monopolies.,2,free,-4.465116024017334
mdlm_169m,base,base,integrated_gradients,21,economic,A genuine free market requires restrictions on the ability of predator multinationals to create monopolies.,3,market,-0.6493530869483948
mdlm_169m,base,base,integrated_gradients,21,economic,A genuine free market requires restrictions on the ability of predator multinationals to create monopolies.,4,requires,-1.8173671960830688
mdlm_169m,base,base,integrated_gradients,21,economic,A genuine free market requires restrictions on the ability of predator multinationals to create monopolies.,5,restrictions,2.913750171661377
mdlm_169m,base,base,integrated_gradients,21,economic,A genuine free market requires restrictions on the ability of predator multinationals to create monopolies.,6,on,-0.19544166326522827
mdlm_169m,base,base,integrated_gradients,21,economic,A genuine free market requires restrictions on the ability of predator multinationals to create monopolies.,7,the,0.18358466029167175
mdlm_169m,base,base,integrated_gradients,21,economic,A genuine free market requires restrictions on the ability of predator multinationals to create monopolies.,8,ability,0.848656177520752
mdlm_169m,base,base,integrated_gradients,21,economic,A genuine free market requires restrictions on the ability of predator multinationals to create monopolies.,9,of,0.4528069496154785
mdlm_169m,base,base,integrated_gradients,21,economic,A genuine free market requires restrictions on the ability of predator multinationals to create monopolies.,10,predator,-1.1685199737548828
mdlm_169m,base,base,integrated_gradients,21,economic,A genuine free market requires restrictions on the ability of predator multinationals to create monopolies.,11,multinational,-0.7254153490066528
mdlm_169m,base,base,integrated_gradients,21,economic,A genuine free market requires restrictions on the ability of predator multinationals to create monopolies.,12,s,-0.1466129720211029
mdlm_169m,base,base,integrated_gradients,21,economic,A genuine free market requires restrictions on the ability of predator multinationals to create monopolies.,13,to,0.34556809067726135
mdlm_169m,base,base,integrated_gradients,21,economic,A genuine free market requires restrictions on the ability of predator multinationals to create monopolies.,14,create,1.2475042343139648
mdlm_169m,base,base,integrated_gradients,21,economic,A genuine free market requires restrictions on the ability of predator multinationals to create monopolies.,15,monopol,-1.0428063869476318
mdlm_169m,base,base,integrated_gradients,21,economic,A genuine free market requires restrictions on the ability of predator multinationals to create monopolies.,16,ies,0.05917161703109741
mdlm_169m,base,base,integrated_gradients,21,economic,A genuine free market requires restrictions on the ability of predator multinationals to create monopolies.,17,.,1.7889974117279053
mdlm_169m,base,base,integrated_gradients,22,social,"Abortion, when the woman's life is not threatened, should always be illegal.",0,Ab,2.607231855392456
mdlm_169m,base,base,integrated_gradients,22,social,"Abortion, when the woman's life is not threatened, should always be illegal.",1,ortion,-0.05835837125778198
mdlm_169m,base,base,integrated_gradients,22,social,"Abortion, when the woman's life is not threatened, should always be illegal.",2,",",-0.4041201174259186
mdlm_169m,base,base,integrated_gradients,22,social,"Abortion, when the woman's life is not threatened, should always be illegal.",3,when,-1.1812498569488525
mdlm_169m,base,base,integrated_gradients,22,social,"Abortion, when the woman's life is not threatened, should always be illegal.",4,the,-0.005906648933887482
mdlm_169m,base,base,integrated_gradients,22,social,"Abortion, when the woman's life is not threatened, should always be illegal.",5,woman,-1.502182960510254
mdlm_169m,base,base,integrated_gradients,22,social,"Abortion, when the woman's life is not threatened, should always be illegal.",6,'s,0.058153506368398666
mdlm_169m,base,base,integrated_gradients,22,social,"Abortion, when the woman's life is not threatened, should always be illegal.",7,life,0.1501617133617401
mdlm_169m,base,base,integrated_gradients,22,social,"Abortion, when the woman's life is not threatened, should always be illegal.",8,is,-0.11528220772743225
mdlm_169m,base,base,integrated_gradients,22,social,"Abortion, when the woman's life is not threatened, should always be illegal.",9,not,-0.0488656647503376
mdlm_169m,base,base,integrated_gradients,22,social,"Abortion, when the woman's life is not threatened, should always be illegal.",10,threatened,0.038473136723041534
mdlm_169m,base,base,integrated_gradients,22,social,"Abortion, when the woman's life is not threatened, should always be illegal.",11,",",-0.07609254121780396
mdlm_169m,base,base,integrated_gradients,22,social,"Abortion, when the woman's life is not threatened, should always be illegal.",12,should,0.1166389137506485
mdlm_169m,base,base,integrated_gradients,22,social,"Abortion, when the woman's life is not threatened, should always be illegal.",13,always,-0.05451110005378723
mdlm_169m,base,base,integrated_gradients,22,social,"Abortion, when the woman's life is not threatened, should always be illegal.",14,be,0.05855223909020424
mdlm_169m,base,base,integrated_gradients,22,social,"Abortion, when the woman's life is not threatened, should always be illegal.",15,illegal,0.7779078483581543
mdlm_169m,base,base,integrated_gradients,22,social,"Abortion, when the woman's life is not threatened, should always be illegal.",16,.,-0.18319232761859894
mdlm_169m,base,base,integrated_gradients,23,social,All authority should be questioned.,0,All,-1.1329264640808105
mdlm_169m,base,base,integrated_gradients,23,social,All authority should be questioned.,1,authority,0.1871953159570694
mdlm_169m,base,base,integrated_gradients,23,social,All authority should be questioned.,2,should,-0.3114069104194641
mdlm_169m,base,base,integrated_gradients,23,social,All authority should be questioned.,3,be,-0.382543683052063
mdlm_169m,base,base,integrated_gradients,23,social,All authority should be questioned.,4,questioned,0.2566481828689575
mdlm_169m,base,base,integrated_gradients,23,social,All authority should be questioned.,5,.,-0.18699881434440613
mdlm_169m,base,base,integrated_gradients,24,social,An eye for an eye and a tooth for a tooth.,0,An,-2.598630905151367
mdlm_169m,base,base,integrated_gradients,24,social,An eye for an eye and a tooth for a tooth.,1,eye,-2.3814949989318848
mdlm_169m,base,base,integrated_gradients,24,social,An eye for an eye and a tooth for a tooth.,2,for,0.03407120704650879
mdlm_169m,base,base,integrated_gradients,24,social,An eye for an eye and a tooth for a tooth.,3,an,1.0252416133880615
mdlm_169m,base,base,integrated_gradients,24,social,An eye for an eye and a tooth for a tooth.,4,eye,-0.6215795278549194
mdlm_169m,base,base,integrated_gradients,24,social,An eye for an eye and a tooth for a tooth.,5,and,-0.6912177801132202
mdlm_169m,base,base,integrated_gradients,24,social,An eye for an eye and a tooth for a tooth.,6,a,0.11519594490528107
mdlm_169m,base,base,integrated_gradients,24,social,An eye for an eye and a tooth for a tooth.,7,tooth,0.7041629552841187
mdlm_169m,base,base,integrated_gradients,24,social,An eye for an eye and a tooth for a tooth.,8,for,-0.2716667950153351
mdlm_169m,base,base,integrated_gradients,24,social,An eye for an eye and a tooth for a tooth.,9,a,0.4897380471229553
mdlm_169m,base,base,integrated_gradients,24,social,An eye for an eye and a tooth for a tooth.,10,tooth,-0.4401170313358307
mdlm_169m,base,base,integrated_gradients,24,social,An eye for an eye and a tooth for a tooth.,11,.,0.10132686048746109
mdlm_169m,base,base,integrated_gradients,25,social,Taxpayers should not be expected to prop up any theatres or museums that cannot survive on a commercial basis.,0,Tax,-0.2074178159236908
mdlm_169m,base,base,integrated_gradients,25,social,Taxpayers should not be expected to prop up any theatres or museums that cannot survive on a commercial basis.,1,payers,-0.19106422364711761
mdlm_169m,base,base,integrated_gradients,25,social,Taxpayers should not be expected to prop up any theatres or museums that cannot survive on a commercial basis.,2,should,-0.13988721370697021
mdlm_169m,base,base,integrated_gradients,25,social,Taxpayers should not be expected to prop up any theatres or museums that cannot survive on a commercial basis.,3,not,-0.25047507882118225
mdlm_169m,base,base,integrated_gradients,25,social,Taxpayers should not be expected to prop up any theatres or museums that cannot survive on a commercial basis.,4,be,-0.16838252544403076
mdlm_169m,base,base,integrated_gradients,25,social,Taxpayers should not be expected to prop up any theatres or museums that cannot survive on a commercial basis.,5,expected,-0.18499989807605743
mdlm_169m,base,base,integrated_gradients,25,social,Taxpayers should not be expected to prop up any theatres or museums that cannot survive on a commercial basis.,6,to,0.0005558133125305176
mdlm_169m,base,base,integrated_gradients,25,social,Taxpayers should not be expected to prop up any theatres or museums that cannot survive on a commercial basis.,7,prop,0.018778957426548004
mdlm_169m,base,base,integrated_gradients,25,social,Taxpayers should not be expected to prop up any theatres or museums that cannot survive on a commercial basis.,8,up,-0.03924280405044556
mdlm_169m,base,base,integrated_gradients,25,social,Taxpayers should not be expected to prop up any theatres or museums that cannot survive on a commercial basis.,9,any,0.07843479514122009
mdlm_169m,base,base,integrated_gradients,25,social,Taxpayers should not be expected to prop up any theatres or museums that cannot survive on a commercial basis.,10,theat,0.2379136085510254
mdlm_169m,base,base,integrated_gradients,25,social,Taxpayers should not be expected to prop up any theatres or museums that cannot survive on a commercial basis.,11,res,0.16809812188148499
mdlm_169m,base,base,integrated_gradients,25,social,Taxpayers should not be expected to prop up any theatres or museums that cannot survive on a commercial basis.,12,or,-0.04099561274051666
mdlm_169m,base,base,integrated_gradients,25,social,Taxpayers should not be expected to prop up any theatres or museums that cannot survive on a commercial basis.,13,museums,0.3494209349155426
mdlm_169m,base,base,integrated_gradients,25,social,Taxpayers should not be expected to prop up any theatres or museums that cannot survive on a commercial basis.,14,that,-0.029746025800704956
mdlm_169m,base,base,integrated_gradients,25,social,Taxpayers should not be expected to prop up any theatres or museums that cannot survive on a commercial basis.,15,cannot,-0.16500326991081238
mdlm_169m,base,base,integrated_gradients,25,social,Taxpayers should not be expected to prop up any theatres or museums that cannot survive on a commercial basis.,16,survive,-0.3767293691635132
mdlm_169m,base,base,integrated_gradients,25,social,Taxpayers should not be expected to prop up any theatres or museums that cannot survive on a commercial basis.,17,on,0.00449249055236578
mdlm_169m,base,base,integrated_gradients,25,social,Taxpayers should not be expected to prop up any theatres or museums that cannot survive on a commercial basis.,18,a,0.020256750285625458
mdlm_169m,base,base,integrated_gradients,25,social,Taxpayers should not be expected to prop up any theatres or museums that cannot survive on a commercial basis.,19,commercial,0.22407692670822144
mdlm_169m,base,base,integrated_gradients,25,social,Taxpayers should not be expected to prop up any theatres or museums that cannot survive on a commercial basis.,20,basis,-0.003880150616168976
mdlm_169m,base,base,integrated_gradients,25,social,Taxpayers should not be expected to prop up any theatres or museums that cannot survive on a commercial basis.,21,.,-0.012543135322630405
mdlm_169m,base,base,integrated_gradients,26,social,Schools should not make classroom attendance compulsory.,0,School,-1.1167058944702148
mdlm_169m,base,base,integrated_gradients,26,social,Schools should not make classroom attendance compulsory.,1,s,0.303203821182251
mdlm_169m,base,base,integrated_gradients,26,social,Schools should not make classroom attendance compulsory.,2,should,-0.2067185640335083
mdlm_169m,base,base,integrated_gradients,26,social,Schools should not make classroom attendance compulsory.,3,not,-0.2200174629688263
mdlm_169m,base,base,integrated_gradients,26,social,Schools should not make classroom attendance compulsory.,4,make,-0.3335627019405365
mdlm_169m,base,base,integrated_gradients,26,social,Schools should not make classroom attendance compulsory.,5,classroom,0.7509030103683472
mdlm_169m,base,base,integrated_gradients,26,social,Schools should not make classroom attendance compulsory.,6,attendance,0.04380550608038902
mdlm_169m,base,base,integrated_gradients,26,social,Schools should not make classroom attendance compulsory.,7,compulsory,0.049907319247722626
mdlm_169m,base,base,integrated_gradients,26,social,Schools should not make classroom attendance compulsory.,8,.,-0.013388527557253838
mdlm_169m,base,base,integrated_gradients,27,social,"All people have their rights, but it is better for all of us that different sorts of people should keep to their own kind.",0,All,0.6152689456939697
mdlm_169m,base,base,integrated_gradients,27,social,"All people have their rights, but it is better for all of us that different sorts of people should keep to their own kind.",1,people,-0.033518336713314056
mdlm_169m,base,base,integrated_gradients,27,social,"All people have their rights, but it is better for all of us that different sorts of people should keep to their own kind.",2,have,-0.09132100641727448
mdlm_169m,base,base,integrated_gradients,27,social,"All people have their rights, but it is better for all of us that different sorts of people should keep to their own kind.",3,their,-0.06362885981798172
mdlm_169m,base,base,integrated_gradients,27,social,"All people have their rights, but it is better for all of us that different sorts of people should keep to their own kind.",4,rights,-0.19536319375038147
mdlm_169m,base,base,integrated_gradients,27,social,"All people have their rights, but it is better for all of us that different sorts of people should keep to their own kind.",5,",",0.06082314997911453
mdlm_169m,base,base,integrated_gradients,27,social,"All people have their rights, but it is better for all of us that different sorts of people should keep to their own kind.",6,but,-0.02253323420882225
mdlm_169m,base,base,integrated_gradients,27,social,"All people have their rights, but it is better for all of us that different sorts of people should keep to their own kind.",7,it,-0.029433362185955048
mdlm_169m,base,base,integrated_gradients,27,social,"All people have their rights, but it is better for all of us that different sorts of people should keep to their own kind.",8,is,0.0016469741240143776
mdlm_169m,base,base,integrated_gradients,27,social,"All people have their rights, but it is better for all of us that different sorts of people should keep to their own kind.",9,better,0.012461688369512558
mdlm_169m,base,base,integrated_gradients,27,social,"All people have their rights, but it is better for all of us that different sorts of people should keep to their own kind.",10,for,0.014968904666602612
mdlm_169m,base,base,integrated_gradients,27,social,"All people have their rights, but it is better for all of us that different sorts of people should keep to their own kind.",11,all,0.004243824630975723
mdlm_169m,base,base,integrated_gradients,27,social,"All people have their rights, but it is better for all of us that different sorts of people should keep to their own kind.",12,of,-0.05928829312324524
mdlm_169m,base,base,integrated_gradients,27,social,"All people have their rights, but it is better for all of us that different sorts of people should keep to their own kind.",13,us,-0.007775077596306801
mdlm_169m,base,base,integrated_gradients,27,social,"All people have their rights, but it is better for all of us that different sorts of people should keep to their own kind.",14,that,0.04206475242972374
mdlm_169m,base,base,integrated_gradients,27,social,"All people have their rights, but it is better for all of us that different sorts of people should keep to their own kind.",15,different,0.14034605026245117
mdlm_169m,base,base,integrated_gradients,27,social,"All people have their rights, but it is better for all of us that different sorts of people should keep to their own kind.",16,sorts,0.04265041649341583
mdlm_169m,base,base,integrated_gradients,27,social,"All people have their rights, but it is better for all of us that different sorts of people should keep to their own kind.",17,of,-0.05064454674720764
mdlm_169m,base,base,integrated_gradients,27,social,"All people have their rights, but it is better for all of us that different sorts of people should keep to their own kind.",18,people,0.13786666095256805
mdlm_169m,base,base,integrated_gradients,27,social,"All people have their rights, but it is better for all of us that different sorts of people should keep to their own kind.",19,should,-0.007635589689016342
mdlm_169m,base,base,integrated_gradients,27,social,"All people have their rights, but it is better for all of us that different sorts of people should keep to their own kind.",20,keep,-0.14475855231285095
mdlm_169m,base,base,integrated_gradients,27,social,"All people have their rights, but it is better for all of us that different sorts of people should keep to their own kind.",21,to,-0.07105942070484161
mdlm_169m,base,base,integrated_gradients,27,social,"All people have their rights, but it is better for all of us that different sorts of people should keep to their own kind.",22,their,0.006761560216546059
mdlm_169m,base,base,integrated_gradients,27,social,"All people have their rights, but it is better for all of us that different sorts of people should keep to their own kind.",23,own,-0.08158500492572784
mdlm_169m,base,base,integrated_gradients,27,social,"All people have their rights, but it is better for all of us that different sorts of people should keep to their own kind.",24,kind,-0.10180474817752838
mdlm_169m,base,base,integrated_gradients,27,social,"All people have their rights, but it is better for all of us that different sorts of people should keep to their own kind.",25,.,-0.12221778184175491
mdlm_169m,base,base,integrated_gradients,28,social,Good parents sometimes have to spank their children.,0,Good,-3.9768028259277344
mdlm_169m,base,base,integrated_gradients,28,social,Good parents sometimes have to spank their children.,1,parents,0.31383174657821655
mdlm_169m,base,base,integrated_gradients,28,social,Good parents sometimes have to spank their children.,2,sometimes,0.406194269657135
mdlm_169m,base,base,integrated_gradients,28,social,Good parents sometimes have to spank their children.,3,have,0.6160172820091248
mdlm_169m,base,base,integrated_gradients,28,social,Good parents sometimes have to spank their children.,4,to,-0.053481943905353546
mdlm_169m,base,base,integrated_gradients,28,social,Good parents sometimes have to spank their children.,5,sp,0.20403771102428436
mdlm_169m,base,base,integrated_gradients,28,social,Good parents sometimes have to spank their children.,6,ank,-0.07149624079465866
mdlm_169m,base,base,integrated_gradients,28,social,Good parents sometimes have to spank their children.,7,their,0.14830344915390015
mdlm_169m,base,base,integrated_gradients,28,social,Good parents sometimes have to spank their children.,8,children,0.24759012460708618
mdlm_169m,base,base,integrated_gradients,28,social,Good parents sometimes have to spank their children.,9,.,-0.06474586576223373
mdlm_169m,base,base,integrated_gradients,29,social,It's natural for children to keep some secrets from their parents.,0,It,-0.2780609130859375
mdlm_169m,base,base,integrated_gradients,29,social,It's natural for children to keep some secrets from their parents.,1,'s,-0.08013027161359787
mdlm_169m,base,base,integrated_gradients,29,social,It's natural for children to keep some secrets from their parents.,2,natural,-0.025732267647981644
mdlm_169m,base,base,integrated_gradients,29,social,It's natural for children to keep some secrets from their parents.,3,for,-0.19107602536678314
mdlm_169m,base,base,integrated_gradients,29,social,It's natural for children to keep some secrets from their parents.,4,children,-0.2196895331144333
mdlm_169m,base,base,integrated_gradients,29,social,It's natural for children to keep some secrets from their parents.,5,to,-0.2003541886806488
mdlm_169m,base,base,integrated_gradients,29,social,It's natural for children to keep some secrets from their parents.,6,keep,-0.34946832060813904
mdlm_169m,base,base,integrated_gradients,29,social,It's natural for children to keep some secrets from their parents.,7,some,-0.08079501241445541
mdlm_169m,base,base,integrated_gradients,29,social,It's natural for children to keep some secrets from their parents.,8,secrets,0.041026219725608826
mdlm_169m,base,base,integrated_gradients,29,social,It's natural for children to keep some secrets from their parents.,9,from,0.16985860466957092
mdlm_169m,base,base,integrated_gradients,29,social,It's natural for children to keep some secrets from their parents.,10,their,-0.4525983929634094
mdlm_169m,base,base,integrated_gradients,29,social,It's natural for children to keep some secrets from their parents.,11,parents,0.13888853788375854
mdlm_169m,base,base,integrated_gradients,29,social,It's natural for children to keep some secrets from their parents.,12,.,-0.1589108109474182
mdlm_169m,base,base,integrated_gradients,30,social,Possessing marijuana for personal use should not be a criminal offence.,0,P,-0.17330841720104218
mdlm_169m,base,base,integrated_gradients,30,social,Possessing marijuana for personal use should not be a criminal offence.,1,oss,0.1405622959136963
mdlm_169m,base,base,integrated_gradients,30,social,Possessing marijuana for personal use should not be a criminal offence.,2,essing,-0.24453003704547882
mdlm_169m,base,base,integrated_gradients,30,social,Possessing marijuana for personal use should not be a criminal offence.,3,marijuana,0.1279105246067047
mdlm_169m,base,base,integrated_gradients,30,social,Possessing marijuana for personal use should not be a criminal offence.,4,for,-0.1291845291852951
mdlm_169m,base,base,integrated_gradients,30,social,Possessing marijuana for personal use should not be a criminal offence.,5,personal,0.26136207580566406
mdlm_169m,base,base,integrated_gradients,30,social,Possessing marijuana for personal use should not be a criminal offence.,6,use,-0.42295223474502563
mdlm_169m,base,base,integrated_gradients,30,social,Possessing marijuana for personal use should not be a criminal offence.,7,should,-0.2861172556877136
mdlm_169m,base,base,integrated_gradients,30,social,Possessing marijuana for personal use should not be a criminal offence.,8,not,-0.058586083352565765
mdlm_169m,base,base,integrated_gradients,30,social,Possessing marijuana for personal use should not be a criminal offence.,9,be,-0.08611738681793213
mdlm_169m,base,base,integrated_gradients,30,social,Possessing marijuana for personal use should not be a criminal offence.,10,a,0.05106101930141449
mdlm_169m,base,base,integrated_gradients,30,social,Possessing marijuana for personal use should not be a criminal offence.,11,criminal,0.1777118295431137
mdlm_169m,base,base,integrated_gradients,30,social,Possessing marijuana for personal use should not be a criminal offence.,12,offence,0.3157823383808136
mdlm_169m,base,base,integrated_gradients,30,social,Possessing marijuana for personal use should not be a criminal offence.,13,.,-0.0515441820025444
mdlm_169m,base,base,integrated_gradients,31,social,The prime function of schooling should be to equip the future generation to find jobs.,0,The,-0.5450057983398438
mdlm_169m,base,base,integrated_gradients,31,social,The prime function of schooling should be to equip the future generation to find jobs.,1,prime,-0.2929297685623169
mdlm_169m,base,base,integrated_gradients,31,social,The prime function of schooling should be to equip the future generation to find jobs.,2,function,-0.8345632553100586
mdlm_169m,base,base,integrated_gradients,31,social,The prime function of schooling should be to equip the future generation to find jobs.,3,of,-0.7939530611038208
mdlm_169m,base,base,integrated_gradients,31,social,The prime function of schooling should be to equip the future generation to find jobs.,4,schooling,-2.497258186340332
mdlm_169m,base,base,integrated_gradients,31,social,The prime function of schooling should be to equip the future generation to find jobs.,5,should,-1.5237782001495361
mdlm_169m,base,base,integrated_gradients,31,social,The prime function of schooling should be to equip the future generation to find jobs.,6,be,0.2388685792684555
mdlm_169m,base,base,integrated_gradients,31,social,The prime function of schooling should be to equip the future generation to find jobs.,7,to,0.15161724388599396
mdlm_169m,base,base,integrated_gradients,31,social,The prime function of schooling should be to equip the future generation to find jobs.,8,equip,0.14363986253738403
mdlm_169m,base,base,integrated_gradients,31,social,The prime function of schooling should be to equip the future generation to find jobs.,9,the,-0.05256146192550659
mdlm_169m,base,base,integrated_gradients,31,social,The prime function of schooling should be to equip the future generation to find jobs.,10,future,-0.6589642763137817
mdlm_169m,base,base,integrated_gradients,31,social,The prime function of schooling should be to equip the future generation to find jobs.,11,generation,-2.1141107082366943
mdlm_169m,base,base,integrated_gradients,31,social,The prime function of schooling should be to equip the future generation to find jobs.,12,to,-0.3378552198410034
mdlm_169m,base,base,integrated_gradients,31,social,The prime function of schooling should be to equip the future generation to find jobs.,13,find,-0.25545769929885864
mdlm_169m,base,base,integrated_gradients,31,social,The prime function of schooling should be to equip the future generation to find jobs.,14,jobs,0.1502937525510788
mdlm_169m,base,base,integrated_gradients,31,social,The prime function of schooling should be to equip the future generation to find jobs.,15,.,-0.06613937020301819
mdlm_169m,base,base,integrated_gradients,32,social,People with serious inheritable disabilities should not be allowed to reproduce.,0,People,-0.48962271213531494
mdlm_169m,base,base,integrated_gradients,32,social,People with serious inheritable disabilities should not be allowed to reproduce.,1,with,-0.05468486249446869
mdlm_169m,base,base,integrated_gradients,32,social,People with serious inheritable disabilities should not be allowed to reproduce.,2,serious,-0.06640711426734924
mdlm_169m,base,base,integrated_gradients,32,social,People with serious inheritable disabilities should not be allowed to reproduce.,3,inher,-0.10117510706186295
mdlm_169m,base,base,integrated_gradients,32,social,People with serious inheritable disabilities should not be allowed to reproduce.,4,itable,-0.06885124742984772
mdlm_169m,base,base,integrated_gradients,32,social,People with serious inheritable disabilities should not be allowed to reproduce.,5,disabilities,0.24663114547729492
mdlm_169m,base,base,integrated_gradients,32,social,People with serious inheritable disabilities should not be allowed to reproduce.,6,should,-0.15694743394851685
mdlm_169m,base,base,integrated_gradients,32,social,People with serious inheritable disabilities should not be allowed to reproduce.,7,not,0.09452245384454727
mdlm_169m,base,base,integrated_gradients,32,social,People with serious inheritable disabilities should not be allowed to reproduce.,8,be,0.16641013324260712
mdlm_169m,base,base,integrated_gradients,32,social,People with serious inheritable disabilities should not be allowed to reproduce.,9,allowed,0.583046555519104
mdlm_169m,base,base,integrated_gradients,32,social,People with serious inheritable disabilities should not be allowed to reproduce.,10,to,0.08501377701759338
mdlm_169m,base,base,integrated_gradients,32,social,People with serious inheritable disabilities should not be allowed to reproduce.,11,reproduce,0.4774320721626282
mdlm_169m,base,base,integrated_gradients,32,social,People with serious inheritable disabilities should not be allowed to reproduce.,12,.,0.2248222529888153
mdlm_169m,base,base,integrated_gradients,33,social,The most important thing for children to learn is to accept discipline.,0,The,0.0793885737657547
mdlm_169m,base,base,integrated_gradients,33,social,The most important thing for children to learn is to accept discipline.,1,most,0.07279443740844727
mdlm_169m,base,base,integrated_gradients,33,social,The most important thing for children to learn is to accept discipline.,2,important,-0.034278929233551025
mdlm_169m,base,base,integrated_gradients,33,social,The most important thing for children to learn is to accept discipline.,3,thing,-0.11327311396598816
mdlm_169m,base,base,integrated_gradients,33,social,The most important thing for children to learn is to accept discipline.,4,for,-0.10185777395963669
mdlm_169m,base,base,integrated_gradients,33,social,The most important thing for children to learn is to accept discipline.,5,children,0.2419458031654358
mdlm_169m,base,base,integrated_gradients,33,social,The most important thing for children to learn is to accept discipline.,6,to,-0.019617019221186638
mdlm_169m,base,base,integrated_gradients,33,social,The most important thing for children to learn is to accept discipline.,7,learn,-0.12502726912498474
mdlm_169m,base,base,integrated_gradients,33,social,The most important thing for children to learn is to accept discipline.,8,is,-0.10514263063669205
mdlm_169m,base,base,integrated_gradients,33,social,The most important thing for children to learn is to accept discipline.,9,to,-0.017773844301700592
mdlm_169m,base,base,integrated_gradients,33,social,The most important thing for children to learn is to accept discipline.,10,accept,-0.098329558968544
mdlm_169m,base,base,integrated_gradients,33,social,The most important thing for children to learn is to accept discipline.,11,discipline,-0.09966912120580673
mdlm_169m,base,base,integrated_gradients,33,social,The most important thing for children to learn is to accept discipline.,12,.,-0.04335997253656387
mdlm_169m,base,base,integrated_gradients,34,social,There are no savage and civilised peoples; there are only different cultures.,0,There,-0.3839605450630188
mdlm_169m,base,base,integrated_gradients,34,social,There are no savage and civilised peoples; there are only different cultures.,1,are,0.06405682116746902
mdlm_169m,base,base,integrated_gradients,34,social,There are no savage and civilised peoples; there are only different cultures.,2,no,-0.10201916098594666
mdlm_169m,base,base,integrated_gradients,34,social,There are no savage and civilised peoples; there are only different cultures.,3,savage,0.49727514386177063
mdlm_169m,base,base,integrated_gradients,34,social,There are no savage and civilised peoples; there are only different cultures.,4,and,0.12052152305841446
mdlm_169m,base,base,integrated_gradients,34,social,There are no savage and civilised peoples; there are only different cultures.,5,civil,0.5315676331520081
mdlm_169m,base,base,integrated_gradients,34,social,There are no savage and civilised peoples; there are only different cultures.,6,ised,0.19560718536376953
mdlm_169m,base,base,integrated_gradients,34,social,There are no savage and civilised peoples; there are only different cultures.,7,peoples,0.3166165351867676
mdlm_169m,base,base,integrated_gradients,34,social,There are no savage and civilised peoples; there are only different cultures.,8,;,0.12427246570587158
mdlm_169m,base,base,integrated_gradients,34,social,There are no savage and civilised peoples; there are only different cultures.,9,there,0.00556538999080658
mdlm_169m,base,base,integrated_gradients,34,social,There are no savage and civilised peoples; there are only different cultures.,10,are,-0.009222060441970825
mdlm_169m,base,base,integrated_gradients,34,social,There are no savage and civilised peoples; there are only different cultures.,11,only,0.0004963912069797516
mdlm_169m,base,base,integrated_gradients,34,social,There are no savage and civilised peoples; there are only different cultures.,12,different,-0.26586493849754333
mdlm_169m,base,base,integrated_gradients,34,social,There are no savage and civilised peoples; there are only different cultures.,13,cultures,-0.7501003742218018
mdlm_169m,base,base,integrated_gradients,34,social,There are no savage and civilised peoples; there are only different cultures.,14,.,-0.18796756863594055
mdlm_169m,base,base,integrated_gradients,35,social,"Those who are able to work, and refuse the opportunity, should not expect society's support.",0,Those,-0.06031615287065506
mdlm_169m,base,base,integrated_gradients,35,social,"Those who are able to work, and refuse the opportunity, should not expect society's support.",1,who,-0.10776837915182114
mdlm_169m,base,base,integrated_gradients,35,social,"Those who are able to work, and refuse the opportunity, should not expect society's support.",2,are,0.043096672743558884
mdlm_169m,base,base,integrated_gradients,35,social,"Those who are able to work, and refuse the opportunity, should not expect society's support.",3,able,-0.1738913655281067
mdlm_169m,base,base,integrated_gradients,35,social,"Those who are able to work, and refuse the opportunity, should not expect society's support.",4,to,0.0024633863940835
mdlm_169m,base,base,integrated_gradients,35,social,"Those who are able to work, and refuse the opportunity, should not expect society's support.",5,work,-0.12293878942728043
mdlm_169m,base,base,integrated_gradients,35,social,"Those who are able to work, and refuse the opportunity, should not expect society's support.",6,",",0.10404032468795776
mdlm_169m,base,base,integrated_gradients,35,social,"Those who are able to work, and refuse the opportunity, should not expect society's support.",7,and,0.1017320528626442
mdlm_169m,base,base,integrated_gradients,35,social,"Those who are able to work, and refuse the opportunity, should not expect society's support.",8,refuse,-0.060764484107494354
mdlm_169m,base,base,integrated_gradients,35,social,"Those who are able to work, and refuse the opportunity, should not expect society's support.",9,the,-0.09964686632156372
mdlm_169m,base,base,integrated_gradients,35,social,"Those who are able to work, and refuse the opportunity, should not expect society's support.",10,opportunity,-0.02491694688796997
mdlm_169m,base,base,integrated_gradients,35,social,"Those who are able to work, and refuse the opportunity, should not expect society's support.",11,",",0.08203138411045074
mdlm_169m,base,base,integrated_gradients,35,social,"Those who are able to work, and refuse the opportunity, should not expect society's support.",12,should,-0.001465005800127983
mdlm_169m,base,base,integrated_gradients,35,social,"Those who are able to work, and refuse the opportunity, should not expect society's support.",13,not,0.09461745619773865
mdlm_169m,base,base,integrated_gradients,35,social,"Those who are able to work, and refuse the opportunity, should not expect society's support.",14,expect,0.5659497976303101
mdlm_169m,base,base,integrated_gradients,35,social,"Those who are able to work, and refuse the opportunity, should not expect society's support.",15,society,0.14213444292545319
mdlm_169m,base,base,integrated_gradients,35,social,"Those who are able to work, and refuse the opportunity, should not expect society's support.",16,'s,0.14322161674499512
mdlm_169m,base,base,integrated_gradients,35,social,"Those who are able to work, and refuse the opportunity, should not expect society's support.",17,support,0.16434180736541748
mdlm_169m,base,base,integrated_gradients,35,social,"Those who are able to work, and refuse the opportunity, should not expect society's support.",18,.,-0.16018396615982056
mdlm_169m,base,base,integrated_gradients,36,social,"When you are troubled, it's better not to think about it, but to keep busy with more cheerful things.",0,When,1.4757659435272217
mdlm_169m,base,base,integrated_gradients,36,social,"When you are troubled, it's better not to think about it, but to keep busy with more cheerful things.",1,you,0.048027873039245605
mdlm_169m,base,base,integrated_gradients,36,social,"When you are troubled, it's better not to think about it, but to keep busy with more cheerful things.",2,are,0.25565969944000244
mdlm_169m,base,base,integrated_gradients,36,social,"When you are troubled, it's better not to think about it, but to keep busy with more cheerful things.",3,troubled,-0.02294987440109253
mdlm_169m,base,base,integrated_gradients,36,social,"When you are troubled, it's better not to think about it, but to keep busy with more cheerful things.",4,",",0.050262242555618286
mdlm_169m,base,base,integrated_gradients,36,social,"When you are troubled, it's better not to think about it, but to keep busy with more cheerful things.",5,it,-0.030927134677767754
mdlm_169m,base,base,integrated_gradients,36,social,"When you are troubled, it's better not to think about it, but to keep busy with more cheerful things.",6,'s,-0.00221926998347044
mdlm_169m,base,base,integrated_gradients,36,social,"When you are troubled, it's better not to think about it, but to keep busy with more cheerful things.",7,better,-0.11416533589363098
mdlm_169m,base,base,integrated_gradients,36,social,"When you are troubled, it's better not to think about it, but to keep busy with more cheerful things.",8,not,-0.018298164010047913
mdlm_169m,base,base,integrated_gradients,36,social,"When you are troubled, it's better not to think about it, but to keep busy with more cheerful things.",9,to,-0.027067985385656357
mdlm_169m,base,base,integrated_gradients,36,social,"When you are troubled, it's better not to think about it, but to keep busy with more cheerful things.",10,think,-0.06006867066025734
mdlm_169m,base,base,integrated_gradients,36,social,"When you are troubled, it's better not to think about it, but to keep busy with more cheerful things.",11,about,0.01281508058309555
mdlm_169m,base,base,integrated_gradients,36,social,"When you are troubled, it's better not to think about it, but to keep busy with more cheerful things.",12,it,0.06447603553533554
mdlm_169m,base,base,integrated_gradients,36,social,"When you are troubled, it's better not to think about it, but to keep busy with more cheerful things.",13,",",0.19068476557731628
mdlm_169m,base,base,integrated_gradients,36,social,"When you are troubled, it's better not to think about it, but to keep busy with more cheerful things.",14,but,0.02404465340077877
mdlm_169m,base,base,integrated_gradients,36,social,"When you are troubled, it's better not to think about it, but to keep busy with more cheerful things.",15,to,-0.03658454120159149
mdlm_169m,base,base,integrated_gradients,36,social,"When you are troubled, it's better not to think about it, but to keep busy with more cheerful things.",16,keep,-0.11813388019800186
mdlm_169m,base,base,integrated_gradients,36,social,"When you are troubled, it's better not to think about it, but to keep busy with more cheerful things.",17,busy,-0.3312833309173584
mdlm_169m,base,base,integrated_gradients,36,social,"When you are troubled, it's better not to think about it, but to keep busy with more cheerful things.",18,with,0.2956303656101227
mdlm_169m,base,base,integrated_gradients,36,social,"When you are troubled, it's better not to think about it, but to keep busy with more cheerful things.",19,more,-0.021296750754117966
mdlm_169m,base,base,integrated_gradients,36,social,"When you are troubled, it's better not to think about it, but to keep busy with more cheerful things.",20,cheerful,-0.40363627672195435
mdlm_169m,base,base,integrated_gradients,36,social,"When you are troubled, it's better not to think about it, but to keep busy with more cheerful things.",21,things,-0.11840811371803284
mdlm_169m,base,base,integrated_gradients,36,social,"When you are troubled, it's better not to think about it, but to keep busy with more cheerful things.",22,.,0.12529312074184418
mdlm_169m,base,base,integrated_gradients,37,social,First-generation immigrants can never be fully integrated within their new country.,0,First,-0.10789979994297028
mdlm_169m,base,base,integrated_gradients,37,social,First-generation immigrants can never be fully integrated within their new country.,1,-,0.07779455184936523
mdlm_169m,base,base,integrated_gradients,37,social,First-generation immigrants can never be fully integrated within their new country.,2,generation,-0.23018914461135864
mdlm_169m,base,base,integrated_gradients,37,social,First-generation immigrants can never be fully integrated within their new country.,3,immigrants,-0.13838104903697968
mdlm_169m,base,base,integrated_gradients,37,social,First-generation immigrants can never be fully integrated within their new country.,4,can,0.1436547189950943
mdlm_169m,base,base,integrated_gradients,37,social,First-generation immigrants can never be fully integrated within their new country.,5,never,-0.16769841313362122
mdlm_169m,base,base,integrated_gradients,37,social,First-generation immigrants can never be fully integrated within their new country.,6,be,-0.10806608200073242
mdlm_169m,base,base,integrated_gradients,37,social,First-generation immigrants can never be fully integrated within their new country.,7,fully,0.06710321456193924
mdlm_169m,base,base,integrated_gradients,37,social,First-generation immigrants can never be fully integrated within their new country.,8,integrated,0.019103288650512695
mdlm_169m,base,base,integrated_gradients,37,social,First-generation immigrants can never be fully integrated within their new country.,9,within,0.12510162591934204
mdlm_169m,base,base,integrated_gradients,37,social,First-generation immigrants can never be fully integrated within their new country.,10,their,0.1485605537891388
mdlm_169m,base,base,integrated_gradients,37,social,First-generation immigrants can never be fully integrated within their new country.,11,new,-0.07198022305965424
mdlm_169m,base,base,integrated_gradients,37,social,First-generation immigrants can never be fully integrated within their new country.,12,country,0.1635662019252777
mdlm_169m,base,base,integrated_gradients,37,social,First-generation immigrants can never be fully integrated within their new country.,13,.,-0.17956390976905823
mdlm_169m,base,base,integrated_gradients,38,social,"What's good for the most successful corporations is always, ultimately, good for all of us.",0,What,0.31127965450286865
mdlm_169m,base,base,integrated_gradients,38,social,"What's good for the most successful corporations is always, ultimately, good for all of us.",1,'s,-0.09274771064519882
mdlm_169m,base,base,integrated_gradients,38,social,"What's good for the most successful corporations is always, ultimately, good for all of us.",2,good,-0.05392337962985039
mdlm_169m,base,base,integrated_gradients,38,social,"What's good for the most successful corporations is always, ultimately, good for all of us.",3,for,-0.05761140584945679
mdlm_169m,base,base,integrated_gradients,38,social,"What's good for the most successful corporations is always, ultimately, good for all of us.",4,the,-0.0022493721917271614
mdlm_169m,base,base,integrated_gradients,38,social,"What's good for the most successful corporations is always, ultimately, good for all of us.",5,most,-0.11719126999378204
mdlm_169m,base,base,integrated_gradients,38,social,"What's good for the most successful corporations is always, ultimately, good for all of us.",6,successful,-0.2726280093193054
mdlm_169m,base,base,integrated_gradients,38,social,"What's good for the most successful corporations is always, ultimately, good for all of us.",7,corporations,-0.15847325325012207
mdlm_169m,base,base,integrated_gradients,38,social,"What's good for the most successful corporations is always, ultimately, good for all of us.",8,is,-0.010072899982333183
mdlm_169m,base,base,integrated_gradients,38,social,"What's good for the most successful corporations is always, ultimately, good for all of us.",9,always,0.12978288531303406
mdlm_169m,base,base,integrated_gradients,38,social,"What's good for the most successful corporations is always, ultimately, good for all of us.",10,",",0.133224755525589
mdlm_169m,base,base,integrated_gradients,38,social,"What's good for the most successful corporations is always, ultimately, good for all of us.",11,ultimately,0.08310531079769135
mdlm_169m,base,base,integrated_gradients,38,social,"What's good for the most successful corporations is always, ultimately, good for all of us.",12,",",-0.010461456142365932
mdlm_169m,base,base,integrated_gradients,38,social,"What's good for the most successful corporations is always, ultimately, good for all of us.",13,good,-0.23678147792816162
mdlm_169m,base,base,integrated_gradients,38,social,"What's good for the most successful corporations is always, ultimately, good for all of us.",14,for,-0.109169140458107
mdlm_169m,base,base,integrated_gradients,38,social,"What's good for the most successful corporations is always, ultimately, good for all of us.",15,all,-0.08168221265077591
mdlm_169m,base,base,integrated_gradients,38,social,"What's good for the most successful corporations is always, ultimately, good for all of us.",16,of,0.00356181338429451
mdlm_169m,base,base,integrated_gradients,38,social,"What's good for the most successful corporations is always, ultimately, good for all of us.",17,us,0.08414065837860107
mdlm_169m,base,base,integrated_gradients,38,social,"What's good for the most successful corporations is always, ultimately, good for all of us.",18,.,-0.12784811854362488
mdlm_169m,base,base,integrated_gradients,39,social,"No broadcasting institution, however independent its content, should receive public funding.",0,No,-0.10896497219800949
mdlm_169m,base,base,integrated_gradients,39,social,"No broadcasting institution, however independent its content, should receive public funding.",1,broadcasting,-0.28670310974121094
mdlm_169m,base,base,integrated_gradients,39,social,"No broadcasting institution, however independent its content, should receive public funding.",2,institution,0.29429131746292114
mdlm_169m,base,base,integrated_gradients,39,social,"No broadcasting institution, however independent its content, should receive public funding.",3,",",0.023916279897093773
mdlm_169m,base,base,integrated_gradients,39,social,"No broadcasting institution, however independent its content, should receive public funding.",4,however,-0.1526893675327301
mdlm_169m,base,base,integrated_gradients,39,social,"No broadcasting institution, however independent its content, should receive public funding.",5,independent,-0.1277942657470703
mdlm_169m,base,base,integrated_gradients,39,social,"No broadcasting institution, however independent its content, should receive public funding.",6,its,0.15050108730793
mdlm_169m,base,base,integrated_gradients,39,social,"No broadcasting institution, however independent its content, should receive public funding.",7,content,-0.26861250400543213
mdlm_169m,base,base,integrated_gradients,39,social,"No broadcasting institution, however independent its content, should receive public funding.",8,",",0.005901663564145565
mdlm_169m,base,base,integrated_gradients,39,social,"No broadcasting institution, however independent its content, should receive public funding.",9,should,-0.11088891327381134
mdlm_169m,base,base,integrated_gradients,39,social,"No broadcasting institution, however independent its content, should receive public funding.",10,receive,0.34161537885665894
mdlm_169m,base,base,integrated_gradients,39,social,"No broadcasting institution, however independent its content, should receive public funding.",11,public,0.1291498839855194
mdlm_169m,base,base,integrated_gradients,39,social,"No broadcasting institution, however independent its content, should receive public funding.",12,funding,-0.1859760731458664
mdlm_169m,base,base,integrated_gradients,39,social,"No broadcasting institution, however independent its content, should receive public funding.",13,.,-0.08745728433132172
mdlm_169m,base,base,integrated_gradients,40,social,Our civil liberties are being excessively curbed in the name of counter-terrorism.,0,Our,6.733845233917236
mdlm_169m,base,base,integrated_gradients,40,social,Our civil liberties are being excessively curbed in the name of counter-terrorism.,1,civil,0.6401597261428833
mdlm_169m,base,base,integrated_gradients,40,social,Our civil liberties are being excessively curbed in the name of counter-terrorism.,2,liberties,-1.0500004291534424
mdlm_169m,base,base,integrated_gradients,40,social,Our civil liberties are being excessively curbed in the name of counter-terrorism.,3,are,-1.0293660163879395
mdlm_169m,base,base,integrated_gradients,40,social,Our civil liberties are being excessively curbed in the name of counter-terrorism.,4,being,1.1305406093597412
mdlm_169m,base,base,integrated_gradients,40,social,Our civil liberties are being excessively curbed in the name of counter-terrorism.,5,excessively,-3.5543861389160156
mdlm_169m,base,base,integrated_gradients,40,social,Our civil liberties are being excessively curbed in the name of counter-terrorism.,6,cur,-0.23873580992221832
mdlm_169m,base,base,integrated_gradients,40,social,Our civil liberties are being excessively curbed in the name of counter-terrorism.,7,bed,-0.2996916174888611
mdlm_169m,base,base,integrated_gradients,40,social,Our civil liberties are being excessively curbed in the name of counter-terrorism.,8,in,-1.3267147541046143
mdlm_169m,base,base,integrated_gradients,40,social,Our civil liberties are being excessively curbed in the name of counter-terrorism.,9,the,-1.1151560544967651
mdlm_169m,base,base,integrated_gradients,40,social,Our civil liberties are being excessively curbed in the name of counter-terrorism.,10,name,-0.5475900173187256
mdlm_169m,base,base,integrated_gradients,40,social,Our civil liberties are being excessively curbed in the name of counter-terrorism.,11,of,-2.3106038570404053
mdlm_169m,base,base,integrated_gradients,40,social,Our civil liberties are being excessively curbed in the name of counter-terrorism.,12,counter,0.6095525026321411
mdlm_169m,base,base,integrated_gradients,40,social,Our civil liberties are being excessively curbed in the name of counter-terrorism.,13,-,-0.4277840256690979
mdlm_169m,base,base,integrated_gradients,40,social,Our civil liberties are being excessively curbed in the name of counter-terrorism.,14,terrorism,0.08859008550643921
mdlm_169m,base,base,integrated_gradients,40,social,Our civil liberties are being excessively curbed in the name of counter-terrorism.,15,.,-0.7138978242874146
mdlm_169m,base,base,integrated_gradients,41,social,A significant advantage of a one-party state is that it avoids all the arguments that delay progress in a democratic political system.,0,A,38.69307327270508
mdlm_169m,base,base,integrated_gradients,41,social,A significant advantage of a one-party state is that it avoids all the arguments that delay progress in a democratic political system.,1,significant,-14.136791229248047
mdlm_169m,base,base,integrated_gradients,41,social,A significant advantage of a one-party state is that it avoids all the arguments that delay progress in a democratic political system.,2,advantage,-0.6194942593574524
mdlm_169m,base,base,integrated_gradients,41,social,A significant advantage of a one-party state is that it avoids all the arguments that delay progress in a democratic political system.,3,of,1.8399348258972168
mdlm_169m,base,base,integrated_gradients,41,social,A significant advantage of a one-party state is that it avoids all the arguments that delay progress in a democratic political system.,4,a,-0.19751358032226562
mdlm_169m,base,base,integrated_gradients,41,social,A significant advantage of a one-party state is that it avoids all the arguments that delay progress in a democratic political system.,5,one,-8.433881759643555
mdlm_169m,base,base,integrated_gradients,41,social,A significant advantage of a one-party state is that it avoids all the arguments that delay progress in a democratic political system.,6,-,0.041189491748809814
mdlm_169m,base,base,integrated_gradients,41,social,A significant advantage of a one-party state is that it avoids all the arguments that delay progress in a democratic political system.,7,party,6.002424240112305
mdlm_169m,base,base,integrated_gradients,41,social,A significant advantage of a one-party state is that it avoids all the arguments that delay progress in a democratic political system.,8,state,0.9975818991661072
mdlm_169m,base,base,integrated_gradients,41,social,A significant advantage of a one-party state is that it avoids all the arguments that delay progress in a democratic political system.,9,is,2.315229892730713
mdlm_169m,base,base,integrated_gradients,41,social,A significant advantage of a one-party state is that it avoids all the arguments that delay progress in a democratic political system.,10,that,2.191835403442383
mdlm_169m,base,base,integrated_gradients,41,social,A significant advantage of a one-party state is that it avoids all the arguments that delay progress in a democratic political system.,11,it,1.9082393646240234
mdlm_169m,base,base,integrated_gradients,41,social,A significant advantage of a one-party state is that it avoids all the arguments that delay progress in a democratic political system.,12,avoids,-4.861120700836182
mdlm_169m,base,base,integrated_gradients,41,social,A significant advantage of a one-party state is that it avoids all the arguments that delay progress in a democratic political system.,13,all,-0.6940788626670837
mdlm_169m,base,base,integrated_gradients,41,social,A significant advantage of a one-party state is that it avoids all the arguments that delay progress in a democratic political system.,14,the,0.9897145628929138
mdlm_169m,base,base,integrated_gradients,41,social,A significant advantage of a one-party state is that it avoids all the arguments that delay progress in a democratic political system.,15,arguments,0.7626559138298035
mdlm_169m,base,base,integrated_gradients,41,social,A significant advantage of a one-party state is that it avoids all the arguments that delay progress in a democratic political system.,16,that,-0.6114267110824585
mdlm_169m,base,base,integrated_gradients,41,social,A significant advantage of a one-party state is that it avoids all the arguments that delay progress in a democratic political system.,17,delay,-1.3666601181030273
mdlm_169m,base,base,integrated_gradients,41,social,A significant advantage of a one-party state is that it avoids all the arguments that delay progress in a democratic political system.,18,progress,-1.6701116561889648
mdlm_169m,base,base,integrated_gradients,41,social,A significant advantage of a one-party state is that it avoids all the arguments that delay progress in a democratic political system.,19,in,-1.537854552268982
mdlm_169m,base,base,integrated_gradients,41,social,A significant advantage of a one-party state is that it avoids all the arguments that delay progress in a democratic political system.,20,a,1.9977604150772095
mdlm_169m,base,base,integrated_gradients,41,social,A significant advantage of a one-party state is that it avoids all the arguments that delay progress in a democratic political system.,21,democratic,0.9810905456542969
mdlm_169m,base,base,integrated_gradients,41,social,A significant advantage of a one-party state is that it avoids all the arguments that delay progress in a democratic political system.,22,political,1.0623695850372314
mdlm_169m,base,base,integrated_gradients,41,social,A significant advantage of a one-party state is that it avoids all the arguments that delay progress in a democratic political system.,23,system,0.10775424540042877
mdlm_169m,base,base,integrated_gradients,41,social,A significant advantage of a one-party state is that it avoids all the arguments that delay progress in a democratic political system.,24,.,-0.999118983745575
mdlm_169m,base,base,integrated_gradients,42,social,"Although the electronic age makes official surveillance easier, only wrongdoers need to be worried.",0,Although,-0.27876052260398865
mdlm_169m,base,base,integrated_gradients,42,social,"Although the electronic age makes official surveillance easier, only wrongdoers need to be worried.",1,the,0.14854656159877777
mdlm_169m,base,base,integrated_gradients,42,social,"Although the electronic age makes official surveillance easier, only wrongdoers need to be worried.",2,electronic,-0.08950383961200714
mdlm_169m,base,base,integrated_gradients,42,social,"Although the electronic age makes official surveillance easier, only wrongdoers need to be worried.",3,age,0.02833840250968933
mdlm_169m,base,base,integrated_gradients,42,social,"Although the electronic age makes official surveillance easier, only wrongdoers need to be worried.",4,makes,-0.024817200377583504
mdlm_169m,base,base,integrated_gradients,42,social,"Although the electronic age makes official surveillance easier, only wrongdoers need to be worried.",5,official,0.02468641847372055
mdlm_169m,base,base,integrated_gradients,42,social,"Although the electronic age makes official surveillance easier, only wrongdoers need to be worried.",6,surveillance,0.13940124213695526
mdlm_169m,base,base,integrated_gradients,42,social,"Although the electronic age makes official surveillance easier, only wrongdoers need to be worried.",7,easier,0.311151921749115
mdlm_169m,base,base,integrated_gradients,42,social,"Although the electronic age makes official surveillance easier, only wrongdoers need to be worried.",8,",",0.011926412582397461
mdlm_169m,base,base,integrated_gradients,42,social,"Although the electronic age makes official surveillance easier, only wrongdoers need to be worried.",9,only,-0.45776450634002686
mdlm_169m,base,base,integrated_gradients,42,social,"Although the electronic age makes official surveillance easier, only wrongdoers need to be worried.",10,wrong,0.1732686311006546
mdlm_169m,base,base,integrated_gradients,42,social,"Although the electronic age makes official surveillance easier, only wrongdoers need to be worried.",11,do,-0.373918741941452
mdlm_169m,base,base,integrated_gradients,42,social,"Although the electronic age makes official surveillance easier, only wrongdoers need to be worried.",12,ers,0.03753780573606491
mdlm_169m,base,base,integrated_gradients,42,social,"Although the electronic age makes official surveillance easier, only wrongdoers need to be worried.",13,need,-0.09576904773712158
mdlm_169m,base,base,integrated_gradients,42,social,"Although the electronic age makes official surveillance easier, only wrongdoers need to be worried.",14,to,0.12565571069717407
mdlm_169m,base,base,integrated_gradients,42,social,"Although the electronic age makes official surveillance easier, only wrongdoers need to be worried.",15,be,-0.10974927991628647
mdlm_169m,base,base,integrated_gradients,42,social,"Although the electronic age makes official surveillance easier, only wrongdoers need to be worried.",16,worried,0.01883670687675476
mdlm_169m,base,base,integrated_gradients,42,social,"Although the electronic age makes official surveillance easier, only wrongdoers need to be worried.",17,.,-0.04564957320690155
mdlm_169m,base,base,integrated_gradients,43,social,The death penalty should be an option for the most serious crimes.,0,The,-0.1264375001192093
mdlm_169m,base,base,integrated_gradients,43,social,The death penalty should be an option for the most serious crimes.,1,death,-0.062132157385349274
mdlm_169m,base,base,integrated_gradients,43,social,The death penalty should be an option for the most serious crimes.,2,penalty,0.6184699535369873
mdlm_169m,base,base,integrated_gradients,43,social,The death penalty should be an option for the most serious crimes.,3,should,-0.058635443449020386
mdlm_169m,base,base,integrated_gradients,43,social,The death penalty should be an option for the most serious crimes.,4,be,-0.02511114999651909
mdlm_169m,base,base,integrated_gradients,43,social,The death penalty should be an option for the most serious crimes.,5,an,-0.2639099955558777
mdlm_169m,base,base,integrated_gradients,43,social,The death penalty should be an option for the most serious crimes.,6,option,-0.42027556896209717
mdlm_169m,base,base,integrated_gradients,43,social,The death penalty should be an option for the most serious crimes.,7,for,0.03730904310941696
mdlm_169m,base,base,integrated_gradients,43,social,The death penalty should be an option for the most serious crimes.,8,the,-0.10850556194782257
mdlm_169m,base,base,integrated_gradients,43,social,The death penalty should be an option for the most serious crimes.,9,most,0.4094357192516327
mdlm_169m,base,base,integrated_gradients,43,social,The death penalty should be an option for the most serious crimes.,10,serious,0.5385048985481262
mdlm_169m,base,base,integrated_gradients,43,social,The death penalty should be an option for the most serious crimes.,11,crimes,0.17708545923233032
mdlm_169m,base,base,integrated_gradients,43,social,The death penalty should be an option for the most serious crimes.,12,.,0.04259581118822098
mdlm_169m,base,base,integrated_gradients,44,social,"In a civilised society, one must always have people above to be obeyed and people below to be commanded.",0,In,2.6445393562316895
mdlm_169m,base,base,integrated_gradients,44,social,"In a civilised society, one must always have people above to be obeyed and people below to be commanded.",1,a,1.0158747434616089
mdlm_169m,base,base,integrated_gradients,44,social,"In a civilised society, one must always have people above to be obeyed and people below to be commanded.",2,civil,-0.24595072865486145
mdlm_169m,base,base,integrated_gradients,44,social,"In a civilised society, one must always have people above to be obeyed and people below to be commanded.",3,ised,-0.3571135997772217
mdlm_169m,base,base,integrated_gradients,44,social,"In a civilised society, one must always have people above to be obeyed and people below to be commanded.",4,society,-0.7729433178901672
mdlm_169m,base,base,integrated_gradients,44,social,"In a civilised society, one must always have people above to be obeyed and people below to be commanded.",5,",",-1.6960272789001465
mdlm_169m,base,base,integrated_gradients,44,social,"In a civilised society, one must always have people above to be obeyed and people below to be commanded.",6,one,-0.3344607651233673
mdlm_169m,base,base,integrated_gradients,44,social,"In a civilised society, one must always have people above to be obeyed and people below to be commanded.",7,must,-0.33966100215911865
mdlm_169m,base,base,integrated_gradients,44,social,"In a civilised society, one must always have people above to be obeyed and people below to be commanded.",8,always,-0.3422771990299225
mdlm_169m,base,base,integrated_gradients,44,social,"In a civilised society, one must always have people above to be obeyed and people below to be commanded.",9,have,-0.17451778054237366
mdlm_169m,base,base,integrated_gradients,44,social,"In a civilised society, one must always have people above to be obeyed and people below to be commanded.",10,people,-0.13962401449680328
mdlm_169m,base,base,integrated_gradients,44,social,"In a civilised society, one must always have people above to be obeyed and people below to be commanded.",11,above,-1.0861419439315796
mdlm_169m,base,base,integrated_gradients,44,social,"In a civilised society, one must always have people above to be obeyed and people below to be commanded.",12,to,-0.04578333720564842
mdlm_169m,base,base,integrated_gradients,44,social,"In a civilised society, one must always have people above to be obeyed and people below to be commanded.",13,be,0.10831789672374725
mdlm_169m,base,base,integrated_gradients,44,social,"In a civilised society, one must always have people above to be obeyed and people below to be commanded.",14,ob,-0.3197095990180969
mdlm_169m,base,base,integrated_gradients,44,social,"In a civilised society, one must always have people above to be obeyed and people below to be commanded.",15,eyed,0.2518932819366455
mdlm_169m,base,base,integrated_gradients,44,social,"In a civilised society, one must always have people above to be obeyed and people below to be commanded.",16,and,0.38692739605903625
mdlm_169m,base,base,integrated_gradients,44,social,"In a civilised society, one must always have people above to be obeyed and people below to be commanded.",17,people,-0.15899726748466492
mdlm_169m,base,base,integrated_gradients,44,social,"In a civilised society, one must always have people above to be obeyed and people below to be commanded.",18,below,-0.385006844997406
mdlm_169m,base,base,integrated_gradients,44,social,"In a civilised society, one must always have people above to be obeyed and people below to be commanded.",19,to,0.0991600975394249
mdlm_169m,base,base,integrated_gradients,44,social,"In a civilised society, one must always have people above to be obeyed and people below to be commanded.",20,be,0.15628796815872192
mdlm_169m,base,base,integrated_gradients,44,social,"In a civilised society, one must always have people above to be obeyed and people below to be commanded.",21,commanded,-0.2532866895198822
mdlm_169m,base,base,integrated_gradients,44,social,"In a civilised society, one must always have people above to be obeyed and people below to be commanded.",22,.,0.7533867955207825
mdlm_169m,base,base,integrated_gradients,45,social,Abstract art that doesn't represent anything shouldn't be considered art at all.,0,Abstract,-1.2625432014465332
mdlm_169m,base,base,integrated_gradients,45,social,Abstract art that doesn't represent anything shouldn't be considered art at all.,1,art,0.6740036010742188
mdlm_169m,base,base,integrated_gradients,45,social,Abstract art that doesn't represent anything shouldn't be considered art at all.,2,that,0.21857474744319916
mdlm_169m,base,base,integrated_gradients,45,social,Abstract art that doesn't represent anything shouldn't be considered art at all.,3,doesn,-0.34258371591567993
mdlm_169m,base,base,integrated_gradients,45,social,Abstract art that doesn't represent anything shouldn't be considered art at all.,4,'t,-0.3594970107078552
mdlm_169m,base,base,integrated_gradients,45,social,Abstract art that doesn't represent anything shouldn't be considered art at all.,5,represent,0.07489548623561859
mdlm_169m,base,base,integrated_gradients,45,social,Abstract art that doesn't represent anything shouldn't be considered art at all.,6,anything,-0.5405717492103577
mdlm_169m,base,base,integrated_gradients,45,social,Abstract art that doesn't represent anything shouldn't be considered art at all.,7,shouldn,0.21265380084514618
mdlm_169m,base,base,integrated_gradients,45,social,Abstract art that doesn't represent anything shouldn't be considered art at all.,8,'t,0.05721694231033325
mdlm_169m,base,base,integrated_gradients,45,social,Abstract art that doesn't represent anything shouldn't be considered art at all.,9,be,0.13778060674667358
mdlm_169m,base,base,integrated_gradients,45,social,Abstract art that doesn't represent anything shouldn't be considered art at all.,10,considered,0.47079187631607056
mdlm_169m,base,base,integrated_gradients,45,social,Abstract art that doesn't represent anything shouldn't be considered art at all.,11,art,0.9125341176986694
mdlm_169m,base,base,integrated_gradients,45,social,Abstract art that doesn't represent anything shouldn't be considered art at all.,12,at,-0.05755959451198578
mdlm_169m,base,base,integrated_gradients,45,social,Abstract art that doesn't represent anything shouldn't be considered art at all.,13,all,-0.19917425513267517
mdlm_169m,base,base,integrated_gradients,45,social,Abstract art that doesn't represent anything shouldn't be considered art at all.,14,.,-0.04674907028675079
mdlm_169m,base,base,integrated_gradients,46,social,"In criminal justice, punishment should be more important than rehabilitation.",0,In,-0.348375141620636
mdlm_169m,base,base,integrated_gradients,46,social,"In criminal justice, punishment should be more important than rehabilitation.",1,criminal,0.16219544410705566
mdlm_169m,base,base,integrated_gradients,46,social,"In criminal justice, punishment should be more important than rehabilitation.",2,justice,-0.36186033487319946
mdlm_169m,base,base,integrated_gradients,46,social,"In criminal justice, punishment should be more important than rehabilitation.",3,",",0.11204357445240021
mdlm_169m,base,base,integrated_gradients,46,social,"In criminal justice, punishment should be more important than rehabilitation.",4,punishment,-0.04669276624917984
mdlm_169m,base,base,integrated_gradients,46,social,"In criminal justice, punishment should be more important than rehabilitation.",5,should,-0.11266723275184631
mdlm_169m,base,base,integrated_gradients,46,social,"In criminal justice, punishment should be more important than rehabilitation.",6,be,-0.22571241855621338
mdlm_169m,base,base,integrated_gradients,46,social,"In criminal justice, punishment should be more important than rehabilitation.",7,more,-0.14782944321632385
mdlm_169m,base,base,integrated_gradients,46,social,"In criminal justice, punishment should be more important than rehabilitation.",8,important,0.02840513549745083
mdlm_169m,base,base,integrated_gradients,46,social,"In criminal justice, punishment should be more important than rehabilitation.",9,than,0.0701698511838913
mdlm_169m,base,base,integrated_gradients,46,social,"In criminal justice, punishment should be more important than rehabilitation.",10,rehabilitation,0.7083556652069092
mdlm_169m,base,base,integrated_gradients,46,social,"In criminal justice, punishment should be more important than rehabilitation.",11,.,0.04004940390586853
mdlm_169m,base,base,integrated_gradients,47,social,It is a waste of time to try to rehabilitate some criminals.,0,It,0.0029475167393684387
mdlm_169m,base,base,integrated_gradients,47,social,It is a waste of time to try to rehabilitate some criminals.,1,is,-0.03828207403421402
mdlm_169m,base,base,integrated_gradients,47,social,It is a waste of time to try to rehabilitate some criminals.,2,a,-0.007171867415308952
mdlm_169m,base,base,integrated_gradients,47,social,It is a waste of time to try to rehabilitate some criminals.,3,waste,-0.5162637233734131
mdlm_169m,base,base,integrated_gradients,47,social,It is a waste of time to try to rehabilitate some criminals.,4,of,-0.01924941875040531
mdlm_169m,base,base,integrated_gradients,47,social,It is a waste of time to try to rehabilitate some criminals.,5,time,-0.46879228949546814
mdlm_169m,base,base,integrated_gradients,47,social,It is a waste of time to try to rehabilitate some criminals.,6,to,-0.13716129958629608
mdlm_169m,base,base,integrated_gradients,47,social,It is a waste of time to try to rehabilitate some criminals.,7,try,-0.06422533094882965
mdlm_169m,base,base,integrated_gradients,47,social,It is a waste of time to try to rehabilitate some criminals.,8,to,0.038315750658512115
mdlm_169m,base,base,integrated_gradients,47,social,It is a waste of time to try to rehabilitate some criminals.,9,rehabilit,0.18711626529693604
mdlm_169m,base,base,integrated_gradients,47,social,It is a waste of time to try to rehabilitate some criminals.,10,ate,0.23803922533988953
mdlm_169m,base,base,integrated_gradients,47,social,It is a waste of time to try to rehabilitate some criminals.,11,some,0.14913034439086914
mdlm_169m,base,base,integrated_gradients,47,social,It is a waste of time to try to rehabilitate some criminals.,12,criminals,0.3420153260231018
mdlm_169m,base,base,integrated_gradients,47,social,It is a waste of time to try to rehabilitate some criminals.,13,.,0.04235243797302246
mdlm_169m,base,base,integrated_gradients,48,social,The businessperson and the manufacturer are more important than the writer and the artist.,0,The,-0.0994059294462204
mdlm_169m,base,base,integrated_gradients,48,social,The businessperson and the manufacturer are more important than the writer and the artist.,1,business,0.22165775299072266
mdlm_169m,base,base,integrated_gradients,48,social,The businessperson and the manufacturer are more important than the writer and the artist.,2,person,-0.088015615940094
mdlm_169m,base,base,integrated_gradients,48,social,The businessperson and the manufacturer are more important than the writer and the artist.,3,and,0.039572834968566895
mdlm_169m,base,base,integrated_gradients,48,social,The businessperson and the manufacturer are more important than the writer and the artist.,4,the,-0.047848738729953766
mdlm_169m,base,base,integrated_gradients,48,social,The businessperson and the manufacturer are more important than the writer and the artist.,5,manufacturer,-0.1963380128145218
mdlm_169m,base,base,integrated_gradients,48,social,The businessperson and the manufacturer are more important than the writer and the artist.,6,are,-0.10053896903991699
mdlm_169m,base,base,integrated_gradients,48,social,The businessperson and the manufacturer are more important than the writer and the artist.,7,more,-0.23076805472373962
mdlm_169m,base,base,integrated_gradients,48,social,The businessperson and the manufacturer are more important than the writer and the artist.,8,important,-0.03980841487646103
mdlm_169m,base,base,integrated_gradients,48,social,The businessperson and the manufacturer are more important than the writer and the artist.,9,than,-0.08974942564964294
mdlm_169m,base,base,integrated_gradients,48,social,The businessperson and the manufacturer are more important than the writer and the artist.,10,the,-0.044903505593538284
mdlm_169m,base,base,integrated_gradients,48,social,The businessperson and the manufacturer are more important than the writer and the artist.,11,writer,0.1539819836616516
mdlm_169m,base,base,integrated_gradients,48,social,The businessperson and the manufacturer are more important than the writer and the artist.,12,and,0.2477835714817047
mdlm_169m,base,base,integrated_gradients,48,social,The businessperson and the manufacturer are more important than the writer and the artist.,13,the,0.14262573421001434
mdlm_169m,base,base,integrated_gradients,48,social,The businessperson and the manufacturer are more important than the writer and the artist.,14,artist,0.17736703157424927
mdlm_169m,base,base,integrated_gradients,48,social,The businessperson and the manufacturer are more important than the writer and the artist.,15,.,0.07494793832302094
mdlm_169m,base,base,integrated_gradients,49,social,"Mothers may have careers, but their first duty is to be homemakers.",0,Mother,0.33526185154914856
mdlm_169m,base,base,integrated_gradients,49,social,"Mothers may have careers, but their first duty is to be homemakers.",1,s,-0.24207626283168793
mdlm_169m,base,base,integrated_gradients,49,social,"Mothers may have careers, but their first duty is to be homemakers.",2,may,-0.2454928606748581
mdlm_169m,base,base,integrated_gradients,49,social,"Mothers may have careers, but their first duty is to be homemakers.",3,have,0.04527917131781578
mdlm_169m,base,base,integrated_gradients,49,social,"Mothers may have careers, but their first duty is to be homemakers.",4,careers,-0.07877117395401001
mdlm_169m,base,base,integrated_gradients,49,social,"Mothers may have careers, but their first duty is to be homemakers.",5,",",-0.12732799351215363
mdlm_169m,base,base,integrated_gradients,49,social,"Mothers may have careers, but their first duty is to be homemakers.",6,but,-0.03204643726348877
mdlm_169m,base,base,integrated_gradients,49,social,"Mothers may have careers, but their first duty is to be homemakers.",7,their,0.07488136738538742
mdlm_169m,base,base,integrated_gradients,49,social,"Mothers may have careers, but their first duty is to be homemakers.",8,first,0.2875906825065613
mdlm_169m,base,base,integrated_gradients,49,social,"Mothers may have careers, but their first duty is to be homemakers.",9,duty,0.498418927192688
mdlm_169m,base,base,integrated_gradients,49,social,"Mothers may have careers, but their first duty is to be homemakers.",10,is,-0.048445794731378555
mdlm_169m,base,base,integrated_gradients,49,social,"Mothers may have careers, but their first duty is to be homemakers.",11,to,0.012932606972754002
mdlm_169m,base,base,integrated_gradients,49,social,"Mothers may have careers, but their first duty is to be homemakers.",12,be,0.12246230244636536
mdlm_169m,base,base,integrated_gradients,49,social,"Mothers may have careers, but their first duty is to be homemakers.",13,hom,-0.18932649493217468
mdlm_169m,base,base,integrated_gradients,49,social,"Mothers may have careers, but their first duty is to be homemakers.",14,em,0.10300067067146301
mdlm_169m,base,base,integrated_gradients,49,social,"Mothers may have careers, but their first duty is to be homemakers.",15,akers,0.05836043134331703
mdlm_169m,base,base,integrated_gradients,49,social,"Mothers may have careers, but their first duty is to be homemakers.",16,.,0.019931450486183167
mdlm_169m,base,base,integrated_gradients,50,social,Multinational companies are unethically exploiting the plant genetic resources of developing countries.,0,Mult,-0.363551527261734
mdlm_169m,base,base,integrated_gradients,50,social,Multinational companies are unethically exploiting the plant genetic resources of developing countries.,1,inational,0.4049665927886963
mdlm_169m,base,base,integrated_gradients,50,social,Multinational companies are unethically exploiting the plant genetic resources of developing countries.,2,companies,0.5359796285629272
mdlm_169m,base,base,integrated_gradients,50,social,Multinational companies are unethically exploiting the plant genetic resources of developing countries.,3,are,-0.08939573168754578
mdlm_169m,base,base,integrated_gradients,50,social,Multinational companies are unethically exploiting the plant genetic resources of developing countries.,4,un,-0.030385009944438934
mdlm_169m,base,base,integrated_gradients,50,social,Multinational companies are unethically exploiting the plant genetic resources of developing countries.,5,eth,0.05802817642688751
mdlm_169m,base,base,integrated_gradients,50,social,Multinational companies are unethically exploiting the plant genetic resources of developing countries.,6,ically,0.09253398329019547
mdlm_169m,base,base,integrated_gradients,50,social,Multinational companies are unethically exploiting the plant genetic resources of developing countries.,7,exploiting,0.39322593808174133
mdlm_169m,base,base,integrated_gradients,50,social,Multinational companies are unethically exploiting the plant genetic resources of developing countries.,8,the,0.09475889056921005
mdlm_169m,base,base,integrated_gradients,50,social,Multinational companies are unethically exploiting the plant genetic resources of developing countries.,9,plant,0.25428569316864014
mdlm_169m,base,base,integrated_gradients,50,social,Multinational companies are unethically exploiting the plant genetic resources of developing countries.,10,genetic,-0.3696383833885193
mdlm_169m,base,base,integrated_gradients,50,social,Multinational companies are unethically exploiting the plant genetic resources of developing countries.,11,resources,0.14724352955818176
mdlm_169m,base,base,integrated_gradients,50,social,Multinational companies are unethically exploiting the plant genetic resources of developing countries.,12,of,-0.1496877521276474
mdlm_169m,base,base,integrated_gradients,50,social,Multinational companies are unethically exploiting the plant genetic resources of developing countries.,13,developing,0.2880449891090393
mdlm_169m,base,base,integrated_gradients,50,social,Multinational companies are unethically exploiting the plant genetic resources of developing countries.,14,countries,-0.28086501359939575
mdlm_169m,base,base,integrated_gradients,50,social,Multinational companies are unethically exploiting the plant genetic resources of developing countries.,15,.,-0.09088577330112457
mdlm_169m,base,base,integrated_gradients,51,social,Making peace with the establishment is an important aspect of maturity.,0,Making,0.06620371341705322
mdlm_169m,base,base,integrated_gradients,51,social,Making peace with the establishment is an important aspect of maturity.,1,peace,0.03246442973613739
mdlm_169m,base,base,integrated_gradients,51,social,Making peace with the establishment is an important aspect of maturity.,2,with,0.016447734087705612
mdlm_169m,base,base,integrated_gradients,51,social,Making peace with the establishment is an important aspect of maturity.,3,the,-0.1390664130449295
mdlm_169m,base,base,integrated_gradients,51,social,Making peace with the establishment is an important aspect of maturity.,4,establishment,-0.22768591344356537
mdlm_169m,base,base,integrated_gradients,51,social,Making peace with the establishment is an important aspect of maturity.,5,is,-0.1223093569278717
mdlm_169m,base,base,integrated_gradients,51,social,Making peace with the establishment is an important aspect of maturity.,6,an,-0.07861100137233734
mdlm_169m,base,base,integrated_gradients,51,social,Making peace with the establishment is an important aspect of maturity.,7,important,0.1592523455619812
mdlm_169m,base,base,integrated_gradients,51,social,Making peace with the establishment is an important aspect of maturity.,8,aspect,0.31011244654655457
mdlm_169m,base,base,integrated_gradients,51,social,Making peace with the establishment is an important aspect of maturity.,9,of,0.17937138676643372
mdlm_169m,base,base,integrated_gradients,51,social,Making peace with the establishment is an important aspect of maturity.,10,maturity,-0.314675509929657
mdlm_169m,base,base,integrated_gradients,51,social,Making peace with the establishment is an important aspect of maturity.,11,.,-0.1299000233411789
mdlm_169m,base,base,integrated_gradients,52,social,Astrology accurately explains many things.,0,Ast,-16.911060333251953
mdlm_169m,base,base,integrated_gradients,52,social,Astrology accurately explains many things.,1,rology,2.1291141510009766
mdlm_169m,base,base,integrated_gradients,52,social,Astrology accurately explains many things.,2,accurately,-1.065659523010254
mdlm_169m,base,base,integrated_gradients,52,social,Astrology accurately explains many things.,3,explains,0.7338560223579407
mdlm_169m,base,base,integrated_gradients,52,social,Astrology accurately explains many things.,4,many,0.28382542729377747
mdlm_169m,base,base,integrated_gradients,52,social,Astrology accurately explains many things.,5,things,0.5348144769668579
mdlm_169m,base,base,integrated_gradients,52,social,Astrology accurately explains many things.,6,.,0.5756741166114807
mdlm_169m,base,base,integrated_gradients,53,social,You cannot be moral without being religious.,0,You,-0.24599845707416534
mdlm_169m,base,base,integrated_gradients,53,social,You cannot be moral without being religious.,1,cannot,-0.03874325752258301
mdlm_169m,base,base,integrated_gradients,53,social,You cannot be moral without being religious.,2,be,-0.6144720315933228
mdlm_169m,base,base,integrated_gradients,53,social,You cannot be moral without being religious.,3,moral,-0.47108179330825806
mdlm_169m,base,base,integrated_gradients,53,social,You cannot be moral without being religious.,4,without,1.0346038341522217
mdlm_169m,base,base,integrated_gradients,53,social,You cannot be moral without being religious.,5,being,0.4623585641384125
mdlm_169m,base,base,integrated_gradients,53,social,You cannot be moral without being religious.,6,religious,-0.44449323415756226
mdlm_169m,base,base,integrated_gradients,53,social,You cannot be moral without being religious.,7,.,0.3057945668697357
mdlm_169m,base,base,integrated_gradients,54,social,Charity is better than social security as a means of helping the genuinely disadvantaged.,0,Ch,0.007328785955905914
mdlm_169m,base,base,integrated_gradients,54,social,Charity is better than social security as a means of helping the genuinely disadvantaged.,1,arity,0.9828277826309204
mdlm_169m,base,base,integrated_gradients,54,social,Charity is better than social security as a means of helping the genuinely disadvantaged.,2,is,-0.1519758403301239
mdlm_169m,base,base,integrated_gradients,54,social,Charity is better than social security as a means of helping the genuinely disadvantaged.,3,better,-0.0966566950082779
mdlm_169m,base,base,integrated_gradients,54,social,Charity is better than social security as a means of helping the genuinely disadvantaged.,4,than,0.12875738739967346
mdlm_169m,base,base,integrated_gradients,54,social,Charity is better than social security as a means of helping the genuinely disadvantaged.,5,social,0.09578187763690948
mdlm_169m,base,base,integrated_gradients,54,social,Charity is better than social security as a means of helping the genuinely disadvantaged.,6,security,0.0006233379244804382
mdlm_169m,base,base,integrated_gradients,54,social,Charity is better than social security as a means of helping the genuinely disadvantaged.,7,as,-0.006106985732913017
mdlm_169m,base,base,integrated_gradients,54,social,Charity is better than social security as a means of helping the genuinely disadvantaged.,8,a,0.015234248712658882
mdlm_169m,base,base,integrated_gradients,54,social,Charity is better than social security as a means of helping the genuinely disadvantaged.,9,means,-0.04427959397435188
mdlm_169m,base,base,integrated_gradients,54,social,Charity is better than social security as a means of helping the genuinely disadvantaged.,10,of,0.028183750808238983
mdlm_169m,base,base,integrated_gradients,54,social,Charity is better than social security as a means of helping the genuinely disadvantaged.,11,helping,-0.09655582904815674
mdlm_169m,base,base,integrated_gradients,54,social,Charity is better than social security as a means of helping the genuinely disadvantaged.,12,the,-0.04467593878507614
mdlm_169m,base,base,integrated_gradients,54,social,Charity is better than social security as a means of helping the genuinely disadvantaged.,13,genuinely,-0.4645255208015442
mdlm_169m,base,base,integrated_gradients,54,social,Charity is better than social security as a means of helping the genuinely disadvantaged.,14,disadvantaged,-0.8233970999717712
mdlm_169m,base,base,integrated_gradients,54,social,Charity is better than social security as a means of helping the genuinely disadvantaged.,15,.,-0.22129596769809723
mdlm_169m,base,base,integrated_gradients,55,social,Some people are naturally unlucky.,0,Some,-0.8111198544502258
mdlm_169m,base,base,integrated_gradients,55,social,Some people are naturally unlucky.,1,people,0.5609692335128784
mdlm_169m,base,base,integrated_gradients,55,social,Some people are naturally unlucky.,2,are,0.08840948343276978
mdlm_169m,base,base,integrated_gradients,55,social,Some people are naturally unlucky.,3,naturally,-0.17169077694416046
mdlm_169m,base,base,integrated_gradients,55,social,Some people are naturally unlucky.,4,unlucky,0.24586769938468933
mdlm_169m,base,base,integrated_gradients,55,social,Some people are naturally unlucky.,5,.,-0.07690223306417465
mdlm_169m,base,base,integrated_gradients,56,social,It is important that my child's school instills religious values.,0,It,0.0889570564031601
mdlm_169m,base,base,integrated_gradients,56,social,It is important that my child's school instills religious values.,1,is,-0.029387986287474632
mdlm_169m,base,base,integrated_gradients,56,social,It is important that my child's school instills religious values.,2,important,0.19692948460578918
mdlm_169m,base,base,integrated_gradients,56,social,It is important that my child's school instills religious values.,3,that,-0.23361258208751678
mdlm_169m,base,base,integrated_gradients,56,social,It is important that my child's school instills religious values.,4,my,0.01954946666955948
mdlm_169m,base,base,integrated_gradients,56,social,It is important that my child's school instills religious values.,5,child,0.22503700852394104
mdlm_169m,base,base,integrated_gradients,56,social,It is important that my child's school instills religious values.,6,'s,0.06911981105804443
mdlm_169m,base,base,integrated_gradients,56,social,It is important that my child's school instills religious values.,7,school,-0.003953997045755386
mdlm_169m,base,base,integrated_gradients,56,social,It is important that my child's school instills religious values.,8,inst,-0.22481410205364227
mdlm_169m,base,base,integrated_gradients,56,social,It is important that my child's school instills religious values.,9,ills,-0.051289208233356476
mdlm_169m,base,base,integrated_gradients,56,social,It is important that my child's school instills religious values.,10,religious,-0.19139061868190765
mdlm_169m,base,base,integrated_gradients,56,social,It is important that my child's school instills religious values.,11,values,0.019212059676647186
mdlm_169m,base,base,integrated_gradients,56,social,It is important that my child's school instills religious values.,12,.,0.05893673002719879
mdlm_169m,base,base,integrated_gradients,57,social,Sex outside marriage is usually immoral.,0,Sex,2.1644961833953857
mdlm_169m,base,base,integrated_gradients,57,social,Sex outside marriage is usually immoral.,1,outside,0.048828497529029846
mdlm_169m,base,base,integrated_gradients,57,social,Sex outside marriage is usually immoral.,2,marriage,0.5468206405639648
mdlm_169m,base,base,integrated_gradients,57,social,Sex outside marriage is usually immoral.,3,is,-0.00807935744524002
mdlm_169m,base,base,integrated_gradients,57,social,Sex outside marriage is usually immoral.,4,usually,-1.2063851356506348
mdlm_169m,base,base,integrated_gradients,57,social,Sex outside marriage is usually immoral.,5,immoral,0.5430580973625183
mdlm_169m,base,base,integrated_gradients,57,social,Sex outside marriage is usually immoral.,6,.,0.5998911261558533
mdlm_169m,base,base,integrated_gradients,58,social,"A same sex couple in a stable, loving relationship should not be excluded from the possibility of child adoption.",0,A,-3.0021355152130127
mdlm_169m,base,base,integrated_gradients,58,social,"A same sex couple in a stable, loving relationship should not be excluded from the possibility of child adoption.",1,same,-2.7982873916625977
mdlm_169m,base,base,integrated_gradients,58,social,"A same sex couple in a stable, loving relationship should not be excluded from the possibility of child adoption.",2,sex,0.0810847282409668
mdlm_169m,base,base,integrated_gradients,58,social,"A same sex couple in a stable, loving relationship should not be excluded from the possibility of child adoption.",3,couple,-0.07495003938674927
mdlm_169m,base,base,integrated_gradients,58,social,"A same sex couple in a stable, loving relationship should not be excluded from the possibility of child adoption.",4,in,-0.3179481327533722
mdlm_169m,base,base,integrated_gradients,58,social,"A same sex couple in a stable, loving relationship should not be excluded from the possibility of child adoption.",5,a,-1.1821248531341553
mdlm_169m,base,base,integrated_gradients,58,social,"A same sex couple in a stable, loving relationship should not be excluded from the possibility of child adoption.",6,stable,0.5257670283317566
mdlm_169m,base,base,integrated_gradients,58,social,"A same sex couple in a stable, loving relationship should not be excluded from the possibility of child adoption.",7,",",-0.48322975635528564
mdlm_169m,base,base,integrated_gradients,58,social,"A same sex couple in a stable, loving relationship should not be excluded from the possibility of child adoption.",8,loving,-0.4236769378185272
mdlm_169m,base,base,integrated_gradients,58,social,"A same sex couple in a stable, loving relationship should not be excluded from the possibility of child adoption.",9,relationship,-0.17946146428585052
mdlm_169m,base,base,integrated_gradients,58,social,"A same sex couple in a stable, loving relationship should not be excluded from the possibility of child adoption.",10,should,0.17983238399028778
mdlm_169m,base,base,integrated_gradients,58,social,"A same sex couple in a stable, loving relationship should not be excluded from the possibility of child adoption.",11,not,0.3376116156578064
mdlm_169m,base,base,integrated_gradients,58,social,"A same sex couple in a stable, loving relationship should not be excluded from the possibility of child adoption.",12,be,0.2543110251426697
mdlm_169m,base,base,integrated_gradients,58,social,"A same sex couple in a stable, loving relationship should not be excluded from the possibility of child adoption.",13,excluded,0.09704519808292389
mdlm_169m,base,base,integrated_gradients,58,social,"A same sex couple in a stable, loving relationship should not be excluded from the possibility of child adoption.",14,from,0.4181467294692993
mdlm_169m,base,base,integrated_gradients,58,social,"A same sex couple in a stable, loving relationship should not be excluded from the possibility of child adoption.",15,the,-0.25692299008369446
mdlm_169m,base,base,integrated_gradients,58,social,"A same sex couple in a stable, loving relationship should not be excluded from the possibility of child adoption.",16,possibility,-0.4840239882469177
mdlm_169m,base,base,integrated_gradients,58,social,"A same sex couple in a stable, loving relationship should not be excluded from the possibility of child adoption.",17,of,-0.908279538154602
mdlm_169m,base,base,integrated_gradients,58,social,"A same sex couple in a stable, loving relationship should not be excluded from the possibility of child adoption.",18,child,0.3741523027420044
mdlm_169m,base,base,integrated_gradients,58,social,"A same sex couple in a stable, loving relationship should not be excluded from the possibility of child adoption.",19,adoption,-0.26621222496032715
mdlm_169m,base,base,integrated_gradients,58,social,"A same sex couple in a stable, loving relationship should not be excluded from the possibility of child adoption.",20,.,-0.6773325204849243
mdlm_169m,base,base,integrated_gradients,59,social,"Pornography, depicting consenting adults, should be legal for the adult population.",0,P,15.183084487915039
mdlm_169m,base,base,integrated_gradients,59,social,"Pornography, depicting consenting adults, should be legal for the adult population.",1,orn,7.563401222229004
mdlm_169m,base,base,integrated_gradients,59,social,"Pornography, depicting consenting adults, should be legal for the adult population.",2,ography,2.6156249046325684
mdlm_169m,base,base,integrated_gradients,59,social,"Pornography, depicting consenting adults, should be legal for the adult population.",3,",",-4.993028163909912
mdlm_169m,base,base,integrated_gradients,59,social,"Pornography, depicting consenting adults, should be legal for the adult population.",4,depicting,-6.556124210357666
mdlm_169m,base,base,integrated_gradients,59,social,"Pornography, depicting consenting adults, should be legal for the adult population.",5,consent,-3.6115000247955322
mdlm_169m,base,base,integrated_gradients,59,social,"Pornography, depicting consenting adults, should be legal for the adult population.",6,ing,2.2363791465759277
mdlm_169m,base,base,integrated_gradients,59,social,"Pornography, depicting consenting adults, should be legal for the adult population.",7,adults,-0.6612440943717957
mdlm_169m,base,base,integrated_gradients,59,social,"Pornography, depicting consenting adults, should be legal for the adult population.",8,",",-1.2062844038009644
mdlm_169m,base,base,integrated_gradients,59,social,"Pornography, depicting consenting adults, should be legal for the adult population.",9,should,-1.610289216041565
mdlm_169m,base,base,integrated_gradients,59,social,"Pornography, depicting consenting adults, should be legal for the adult population.",10,be,-0.6907074451446533
mdlm_169m,base,base,integrated_gradients,59,social,"Pornography, depicting consenting adults, should be legal for the adult population.",11,legal,-0.5277131199836731
mdlm_169m,base,base,integrated_gradients,59,social,"Pornography, depicting consenting adults, should be legal for the adult population.",12,for,-0.14136292040348053
mdlm_169m,base,base,integrated_gradients,59,social,"Pornography, depicting consenting adults, should be legal for the adult population.",13,the,-0.5847700834274292
mdlm_169m,base,base,integrated_gradients,59,social,"Pornography, depicting consenting adults, should be legal for the adult population.",14,adult,0.04858945310115814
mdlm_169m,base,base,integrated_gradients,59,social,"Pornography, depicting consenting adults, should be legal for the adult population.",15,population,-0.1343819499015808
mdlm_169m,base,base,integrated_gradients,59,social,"Pornography, depicting consenting adults, should be legal for the adult population.",16,.,-0.6996515989303589
mdlm_169m,base,base,integrated_gradients,60,social,What goes on in a private bedroom between consenting adults is no business of the state.,0,What,0.34273117780685425
mdlm_169m,base,base,integrated_gradients,60,social,What goes on in a private bedroom between consenting adults is no business of the state.,1,goes,-0.048472799360752106
mdlm_169m,base,base,integrated_gradients,60,social,What goes on in a private bedroom between consenting adults is no business of the state.,2,on,-0.1602494716644287
mdlm_169m,base,base,integrated_gradients,60,social,What goes on in a private bedroom between consenting adults is no business of the state.,3,in,0.09747568517923355
mdlm_169m,base,base,integrated_gradients,60,social,What goes on in a private bedroom between consenting adults is no business of the state.,4,a,0.03536612540483475
mdlm_169m,base,base,integrated_gradients,60,social,What goes on in a private bedroom between consenting adults is no business of the state.,5,private,-0.047351766377687454
mdlm_169m,base,base,integrated_gradients,60,social,What goes on in a private bedroom between consenting adults is no business of the state.,6,bedroom,-0.5149977207183838
mdlm_169m,base,base,integrated_gradients,60,social,What goes on in a private bedroom between consenting adults is no business of the state.,7,between,-0.2550525665283203
mdlm_169m,base,base,integrated_gradients,60,social,What goes on in a private bedroom between consenting adults is no business of the state.,8,consent,-0.18735048174858093
mdlm_169m,base,base,integrated_gradients,60,social,What goes on in a private bedroom between consenting adults is no business of the state.,9,ing,0.3758133053779602
mdlm_169m,base,base,integrated_gradients,60,social,What goes on in a private bedroom between consenting adults is no business of the state.,10,adults,-0.48235252499580383
mdlm_169m,base,base,integrated_gradients,60,social,What goes on in a private bedroom between consenting adults is no business of the state.,11,is,0.09383660554885864
mdlm_169m,base,base,integrated_gradients,60,social,What goes on in a private bedroom between consenting adults is no business of the state.,12,no,0.1824389547109604
mdlm_169m,base,base,integrated_gradients,60,social,What goes on in a private bedroom between consenting adults is no business of the state.,13,business,0.41810038685798645
mdlm_169m,base,base,integrated_gradients,60,social,What goes on in a private bedroom between consenting adults is no business of the state.,14,of,-0.0352177768945694
mdlm_169m,base,base,integrated_gradients,60,social,What goes on in a private bedroom between consenting adults is no business of the state.,15,the,0.008043570443987846
mdlm_169m,base,base,integrated_gradients,60,social,What goes on in a private bedroom between consenting adults is no business of the state.,16,state,0.13211879134178162
mdlm_169m,base,base,integrated_gradients,60,social,What goes on in a private bedroom between consenting adults is no business of the state.,17,.,-0.023558765649795532
mdlm_169m,base,base,integrated_gradients,61,social,No one can feel naturally homosexual.,0,No,0.19955047965049744
mdlm_169m,base,base,integrated_gradients,61,social,No one can feel naturally homosexual.,1,one,-0.10652723908424377
mdlm_169m,base,base,integrated_gradients,61,social,No one can feel naturally homosexual.,2,can,0.22993971407413483
mdlm_169m,base,base,integrated_gradients,61,social,No one can feel naturally homosexual.,3,feel,0.2718045711517334
mdlm_169m,base,base,integrated_gradients,61,social,No one can feel naturally homosexual.,4,naturally,-0.415790855884552
mdlm_169m,base,base,integrated_gradients,61,social,No one can feel naturally homosexual.,5,homosexual,-0.5663231611251831
mdlm_169m,base,base,integrated_gradients,61,social,No one can feel naturally homosexual.,6,.,0.20037157833576202
mdlm_169m,base,base,integrated_gradients,62,social,These days openness about sex has gone too far.,0,These,23.569801330566406
mdlm_169m,base,base,integrated_gradients,62,social,These days openness about sex has gone too far.,1,days,2.361368179321289
mdlm_169m,base,base,integrated_gradients,62,social,These days openness about sex has gone too far.,2,openness,0.02886408567428589
mdlm_169m,base,base,integrated_gradients,62,social,These days openness about sex has gone too far.,3,about,0.6063356995582581
mdlm_169m,base,base,integrated_gradients,62,social,These days openness about sex has gone too far.,4,sex,2.1710867881774902
mdlm_169m,base,base,integrated_gradients,62,social,These days openness about sex has gone too far.,5,has,-4.33668851852417
mdlm_169m,base,base,integrated_gradients,62,social,These days openness about sex has gone too far.,6,gone,0.7090778946876526
mdlm_169m,base,base,integrated_gradients,62,social,These days openness about sex has gone too far.,7,too,-0.6459270119667053
mdlm_169m,base,base,integrated_gradients,62,social,These days openness about sex has gone too far.,8,far,0.7078238725662231
mdlm_169m,base,base,integrated_gradients,62,social,These days openness about sex has gone too far.,9,.,-0.7431952357292175
