model,direction,dose,method,statement_id,axis,text,token_idx,token,score
mdlm_169m,right,1k,random_baseline,1,social,"If economic globalisation is inevitable, it should primarily serve humanity rather than the interests of trans-national corporations.",0,If,0.9932240843772888
mdlm_169m,right,1k,random_baseline,1,social,"If economic globalisation is inevitable, it should primarily serve humanity rather than the interests of trans-national corporations.",1,economic,0.36962294578552246
mdlm_169m,right,1k,random_baseline,1,social,"If economic globalisation is inevitable, it should primarily serve humanity rather than the interests of trans-national corporations.",2,global,0.2102319300174713
mdlm_169m,right,1k,random_baseline,1,social,"If economic globalisation is inevitable, it should primarily serve humanity rather than the interests of trans-national corporations.",3,isation,0.942273736000061
mdlm_169m,right,1k,random_baseline,1,social,"If economic globalisation is inevitable, it should primarily serve humanity rather than the interests of trans-national corporations.",4,is,0.9890130162239075
mdlm_169m,right,1k,random_baseline,1,social,"If economic globalisation is inevitable, it should primarily serve humanity rather than the interests of trans-national corporations.",5,inevitable,0.28132039308547974
mdlm_169m,right,1k,random_baseline,1,social,"If economic globalisation is inevitable, it should primarily serve humanity rather than the interests of trans-national corporations.",6,",",0.11659494787454605
mdlm_169m,right,1k,random_baseline,1,social,"If economic globalisation is inevitable, it should primarily serve humanity rather than the interests of trans-national corporations.",7,it,0.7077141404151917
mdlm_169m,right,1k,random_baseline,1,social,"If economic globalisation is inevitable, it should primarily serve humanity rather than the interests of trans-national corporations.",8,should,0.8314322829246521
mdlm_169m,right,1k,random_baseline,1,social,"If economic globalisation is inevitable, it should primarily serve humanity rather than the interests of trans-national corporations.",9,primarily,0.7127647399902344
mdlm_169m,right,1k,random_baseline,1,social,"If economic globalisation is inevitable, it should primarily serve humanity rather than the interests of trans-national corporations.",10,serve,0.3152730166912079
mdlm_169m,right,1k,random_baseline,1,social,"If economic globalisation is inevitable, it should primarily serve humanity rather than the interests of trans-national corporations.",11,humanity,0.12988878786563873
mdlm_169m,right,1k,random_baseline,1,social,"If economic globalisation is inevitable, it should primarily serve humanity rather than the interests of trans-national corporations.",12,rather,0.34951406717300415
mdlm_169m,right,1k,random_baseline,1,social,"If economic globalisation is inevitable, it should primarily serve humanity rather than the interests of trans-national corporations.",13,than,0.5623968243598938
mdlm_169m,right,1k,random_baseline,1,social,"If economic globalisation is inevitable, it should primarily serve humanity rather than the interests of trans-national corporations.",14,the,0.2842664122581482
mdlm_169m,right,1k,random_baseline,1,social,"If economic globalisation is inevitable, it should primarily serve humanity rather than the interests of trans-national corporations.",15,interests,0.5785223245620728
mdlm_169m,right,1k,random_baseline,1,social,"If economic globalisation is inevitable, it should primarily serve humanity rather than the interests of trans-national corporations.",16,of,0.11586293578147888
mdlm_169m,right,1k,random_baseline,1,social,"If economic globalisation is inevitable, it should primarily serve humanity rather than the interests of trans-national corporations.",17,trans,0.5382868051528931
mdlm_169m,right,1k,random_baseline,1,social,"If economic globalisation is inevitable, it should primarily serve humanity rather than the interests of trans-national corporations.",18,-,0.08783497661352158
mdlm_169m,right,1k,random_baseline,1,social,"If economic globalisation is inevitable, it should primarily serve humanity rather than the interests of trans-national corporations.",19,national,0.6166502833366394
mdlm_169m,right,1k,random_baseline,1,social,"If economic globalisation is inevitable, it should primarily serve humanity rather than the interests of trans-national corporations.",20,corporations,0.45010295510292053
mdlm_169m,right,1k,random_baseline,1,social,"If economic globalisation is inevitable, it should primarily serve humanity rather than the interests of trans-national corporations.",21,.,0.4287149906158447
mdlm_169m,right,1k,random_baseline,2,social,"I'd always support my country, whether it was right or wrong.",0,I,0.766613781452179
mdlm_169m,right,1k,random_baseline,2,social,"I'd always support my country, whether it was right or wrong.",1,'d,0.19552457332611084
mdlm_169m,right,1k,random_baseline,2,social,"I'd always support my country, whether it was right or wrong.",2,always,0.6065489649772644
mdlm_169m,right,1k,random_baseline,2,social,"I'd always support my country, whether it was right or wrong.",3,support,0.45592811703681946
mdlm_169m,right,1k,random_baseline,2,social,"I'd always support my country, whether it was right or wrong.",4,my,0.31282228231430054
mdlm_169m,right,1k,random_baseline,2,social,"I'd always support my country, whether it was right or wrong.",5,country,0.2088305950164795
mdlm_169m,right,1k,random_baseline,2,social,"I'd always support my country, whether it was right or wrong.",6,",",0.8930507898330688
mdlm_169m,right,1k,random_baseline,2,social,"I'd always support my country, whether it was right or wrong.",7,whether,0.3137686848640442
mdlm_169m,right,1k,random_baseline,2,social,"I'd always support my country, whether it was right or wrong.",8,it,0.1970704048871994
mdlm_169m,right,1k,random_baseline,2,social,"I'd always support my country, whether it was right or wrong.",9,was,0.39672210812568665
mdlm_169m,right,1k,random_baseline,2,social,"I'd always support my country, whether it was right or wrong.",10,right,0.635273277759552
mdlm_169m,right,1k,random_baseline,2,social,"I'd always support my country, whether it was right or wrong.",11,or,0.8231035470962524
mdlm_169m,right,1k,random_baseline,2,social,"I'd always support my country, whether it was right or wrong.",12,wrong,0.8362354040145874
mdlm_169m,right,1k,random_baseline,2,social,"I'd always support my country, whether it was right or wrong.",13,.,0.05433658882975578
mdlm_169m,right,1k,random_baseline,3,social,"No one chooses their country of birth, so it's foolish to be proud of it.",0,No,0.9592527747154236
mdlm_169m,right,1k,random_baseline,3,social,"No one chooses their country of birth, so it's foolish to be proud of it.",1,one,0.3366522192955017
mdlm_169m,right,1k,random_baseline,3,social,"No one chooses their country of birth, so it's foolish to be proud of it.",2,chooses,0.037404004484415054
mdlm_169m,right,1k,random_baseline,3,social,"No one chooses their country of birth, so it's foolish to be proud of it.",3,their,0.5202842950820923
mdlm_169m,right,1k,random_baseline,3,social,"No one chooses their country of birth, so it's foolish to be proud of it.",4,country,0.09809550642967224
mdlm_169m,right,1k,random_baseline,3,social,"No one chooses their country of birth, so it's foolish to be proud of it.",5,of,0.9576733708381653
mdlm_169m,right,1k,random_baseline,3,social,"No one chooses their country of birth, so it's foolish to be proud of it.",6,birth,0.5828033685684204
mdlm_169m,right,1k,random_baseline,3,social,"No one chooses their country of birth, so it's foolish to be proud of it.",7,",",0.7879737019538879
mdlm_169m,right,1k,random_baseline,3,social,"No one chooses their country of birth, so it's foolish to be proud of it.",8,so,0.3944777846336365
mdlm_169m,right,1k,random_baseline,3,social,"No one chooses their country of birth, so it's foolish to be proud of it.",9,it,0.9324994087219238
mdlm_169m,right,1k,random_baseline,3,social,"No one chooses their country of birth, so it's foolish to be proud of it.",10,'s,0.5912094116210938
mdlm_169m,right,1k,random_baseline,3,social,"No one chooses their country of birth, so it's foolish to be proud of it.",11,foolish,0.4928744435310364
mdlm_169m,right,1k,random_baseline,3,social,"No one chooses their country of birth, so it's foolish to be proud of it.",12,to,0.10152649134397507
mdlm_169m,right,1k,random_baseline,3,social,"No one chooses their country of birth, so it's foolish to be proud of it.",13,be,0.5627148151397705
mdlm_169m,right,1k,random_baseline,3,social,"No one chooses their country of birth, so it's foolish to be proud of it.",14,proud,0.5745826363563538
mdlm_169m,right,1k,random_baseline,3,social,"No one chooses their country of birth, so it's foolish to be proud of it.",15,of,0.2624870836734772
mdlm_169m,right,1k,random_baseline,3,social,"No one chooses their country of birth, so it's foolish to be proud of it.",16,it,0.6035581827163696
mdlm_169m,right,1k,random_baseline,3,social,"No one chooses their country of birth, so it's foolish to be proud of it.",17,.,0.8526782989501953
mdlm_169m,right,1k,random_baseline,4,social,"Our race has many superior qualities, compared with other races.",0,Our,0.20513927936553955
mdlm_169m,right,1k,random_baseline,4,social,"Our race has many superior qualities, compared with other races.",1,race,0.9229409694671631
mdlm_169m,right,1k,random_baseline,4,social,"Our race has many superior qualities, compared with other races.",2,has,0.6864624619483948
mdlm_169m,right,1k,random_baseline,4,social,"Our race has many superior qualities, compared with other races.",3,many,0.1811256855726242
mdlm_169m,right,1k,random_baseline,4,social,"Our race has many superior qualities, compared with other races.",4,superior,0.941880464553833
mdlm_169m,right,1k,random_baseline,4,social,"Our race has many superior qualities, compared with other races.",5,qualities,0.5927324295043945
mdlm_169m,right,1k,random_baseline,4,social,"Our race has many superior qualities, compared with other races.",6,",",0.47452008724212646
mdlm_169m,right,1k,random_baseline,4,social,"Our race has many superior qualities, compared with other races.",7,compared,0.6181570291519165
mdlm_169m,right,1k,random_baseline,4,social,"Our race has many superior qualities, compared with other races.",8,with,0.40224796533584595
mdlm_169m,right,1k,random_baseline,4,social,"Our race has many superior qualities, compared with other races.",9,other,0.1979047656059265
mdlm_169m,right,1k,random_baseline,4,social,"Our race has many superior qualities, compared with other races.",10,races,0.2158588469028473
mdlm_169m,right,1k,random_baseline,4,social,"Our race has many superior qualities, compared with other races.",11,.,0.5125558376312256
mdlm_169m,right,1k,random_baseline,5,social,The enemy of my enemy is my friend.,0,The,0.12383394688367844
mdlm_169m,right,1k,random_baseline,5,social,The enemy of my enemy is my friend.,1,enemy,0.5183789730072021
mdlm_169m,right,1k,random_baseline,5,social,The enemy of my enemy is my friend.,2,of,0.5741108655929565
mdlm_169m,right,1k,random_baseline,5,social,The enemy of my enemy is my friend.,3,my,0.029736660420894623
mdlm_169m,right,1k,random_baseline,5,social,The enemy of my enemy is my friend.,4,enemy,0.917974591255188
mdlm_169m,right,1k,random_baseline,5,social,The enemy of my enemy is my friend.,5,is,0.15481244027614594
mdlm_169m,right,1k,random_baseline,5,social,The enemy of my enemy is my friend.,6,my,0.9932924509048462
mdlm_169m,right,1k,random_baseline,5,social,The enemy of my enemy is my friend.,7,friend,0.687810480594635
mdlm_169m,right,1k,random_baseline,5,social,The enemy of my enemy is my friend.,8,.,0.6211486458778381
mdlm_169m,right,1k,random_baseline,6,social,Military action that defies international law is sometimes justified.,0,Military,0.20243299007415771
mdlm_169m,right,1k,random_baseline,6,social,Military action that defies international law is sometimes justified.,1,action,0.26561006903648376
mdlm_169m,right,1k,random_baseline,6,social,Military action that defies international law is sometimes justified.,2,that,0.7180059552192688
mdlm_169m,right,1k,random_baseline,6,social,Military action that defies international law is sometimes justified.,3,def,0.4432651400566101
mdlm_169m,right,1k,random_baseline,6,social,Military action that defies international law is sometimes justified.,4,ies,0.25781527161598206
mdlm_169m,right,1k,random_baseline,6,social,Military action that defies international law is sometimes justified.,5,international,0.9954250454902649
mdlm_169m,right,1k,random_baseline,6,social,Military action that defies international law is sometimes justified.,6,law,0.6953379511833191
mdlm_169m,right,1k,random_baseline,6,social,Military action that defies international law is sometimes justified.,7,is,0.3169316351413727
mdlm_169m,right,1k,random_baseline,6,social,Military action that defies international law is sometimes justified.,8,sometimes,0.7220802307128906
mdlm_169m,right,1k,random_baseline,6,social,Military action that defies international law is sometimes justified.,9,justified,0.5319989323616028
mdlm_169m,right,1k,random_baseline,6,social,Military action that defies international law is sometimes justified.,10,.,0.5831723213195801
mdlm_169m,right,1k,random_baseline,7,social,There is now a worrying fusion of information and entertainment.,0,There,0.10368028283119202
mdlm_169m,right,1k,random_baseline,7,social,There is now a worrying fusion of information and entertainment.,1,is,0.9077272415161133
mdlm_169m,right,1k,random_baseline,7,social,There is now a worrying fusion of information and entertainment.,2,now,0.005200625862926245
mdlm_169m,right,1k,random_baseline,7,social,There is now a worrying fusion of information and entertainment.,3,a,0.10173387825489044
mdlm_169m,right,1k,random_baseline,7,social,There is now a worrying fusion of information and entertainment.,4,worrying,0.4806481897830963
mdlm_169m,right,1k,random_baseline,7,social,There is now a worrying fusion of information and entertainment.,5,fusion,0.5746180415153503
mdlm_169m,right,1k,random_baseline,7,social,There is now a worrying fusion of information and entertainment.,6,of,0.7990705966949463
mdlm_169m,right,1k,random_baseline,7,social,There is now a worrying fusion of information and entertainment.,7,information,0.05746280401945114
mdlm_169m,right,1k,random_baseline,7,social,There is now a worrying fusion of information and entertainment.,8,and,0.2684495449066162
mdlm_169m,right,1k,random_baseline,7,social,There is now a worrying fusion of information and entertainment.,9,entertainment,0.8731155395507812
mdlm_169m,right,1k,random_baseline,7,social,There is now a worrying fusion of information and entertainment.,10,.,0.47979357838630676
mdlm_169m,right,1k,random_baseline,8,economic,People are ultimately divided more by class than by nationality.,0,People,0.05657225474715233
mdlm_169m,right,1k,random_baseline,8,economic,People are ultimately divided more by class than by nationality.,1,are,0.09895306080579758
mdlm_169m,right,1k,random_baseline,8,economic,People are ultimately divided more by class than by nationality.,2,ultimately,0.5909707546234131
mdlm_169m,right,1k,random_baseline,8,economic,People are ultimately divided more by class than by nationality.,3,divided,0.4909583330154419
mdlm_169m,right,1k,random_baseline,8,economic,People are ultimately divided more by class than by nationality.,4,more,0.39062878489494324
mdlm_169m,right,1k,random_baseline,8,economic,People are ultimately divided more by class than by nationality.,5,by,0.3349703550338745
mdlm_169m,right,1k,random_baseline,8,economic,People are ultimately divided more by class than by nationality.,6,class,0.795728325843811
mdlm_169m,right,1k,random_baseline,8,economic,People are ultimately divided more by class than by nationality.,7,than,0.7545708417892456
mdlm_169m,right,1k,random_baseline,8,economic,People are ultimately divided more by class than by nationality.,8,by,0.6672869920730591
mdlm_169m,right,1k,random_baseline,8,economic,People are ultimately divided more by class than by nationality.,9,nationality,0.8882746696472168
mdlm_169m,right,1k,random_baseline,8,economic,People are ultimately divided more by class than by nationality.,10,.,0.8370947241783142
mdlm_169m,right,1k,random_baseline,9,economic,Controlling inflation is more important than controlling unemployment.,0,Cont,0.49393609166145325
mdlm_169m,right,1k,random_baseline,9,economic,Controlling inflation is more important than controlling unemployment.,1,rolling,0.10356251895427704
mdlm_169m,right,1k,random_baseline,9,economic,Controlling inflation is more important than controlling unemployment.,2,inflation,0.2786732316017151
mdlm_169m,right,1k,random_baseline,9,economic,Controlling inflation is more important than controlling unemployment.,3,is,0.3738328218460083
mdlm_169m,right,1k,random_baseline,9,economic,Controlling inflation is more important than controlling unemployment.,4,more,0.00027727626729756594
mdlm_169m,right,1k,random_baseline,9,economic,Controlling inflation is more important than controlling unemployment.,5,important,0.318134069442749
mdlm_169m,right,1k,random_baseline,9,economic,Controlling inflation is more important than controlling unemployment.,6,than,0.44859087467193604
mdlm_169m,right,1k,random_baseline,9,economic,Controlling inflation is more important than controlling unemployment.,7,controlling,0.25799742341041565
mdlm_169m,right,1k,random_baseline,9,economic,Controlling inflation is more important than controlling unemployment.,8,unemployment,0.9476601481437683
mdlm_169m,right,1k,random_baseline,9,economic,Controlling inflation is more important than controlling unemployment.,9,.,0.8022840619087219
mdlm_169m,right,1k,random_baseline,10,economic,"Because corporations cannot be trusted to voluntarily protect the environment, they require regulation.",0,Because,0.7049886584281921
mdlm_169m,right,1k,random_baseline,10,economic,"Because corporations cannot be trusted to voluntarily protect the environment, they require regulation.",1,corporations,0.9950376152992249
mdlm_169m,right,1k,random_baseline,10,economic,"Because corporations cannot be trusted to voluntarily protect the environment, they require regulation.",2,cannot,0.7513282895088196
mdlm_169m,right,1k,random_baseline,10,economic,"Because corporations cannot be trusted to voluntarily protect the environment, they require regulation.",3,be,0.8025787472724915
mdlm_169m,right,1k,random_baseline,10,economic,"Because corporations cannot be trusted to voluntarily protect the environment, they require regulation.",4,trusted,0.7975411415100098
mdlm_169m,right,1k,random_baseline,10,economic,"Because corporations cannot be trusted to voluntarily protect the environment, they require regulation.",5,to,0.2963181138038635
mdlm_169m,right,1k,random_baseline,10,economic,"Because corporations cannot be trusted to voluntarily protect the environment, they require regulation.",6,voluntarily,0.6026826500892639
mdlm_169m,right,1k,random_baseline,10,economic,"Because corporations cannot be trusted to voluntarily protect the environment, they require regulation.",7,protect,0.730089545249939
mdlm_169m,right,1k,random_baseline,10,economic,"Because corporations cannot be trusted to voluntarily protect the environment, they require regulation.",8,the,0.6032716631889343
mdlm_169m,right,1k,random_baseline,10,economic,"Because corporations cannot be trusted to voluntarily protect the environment, they require regulation.",9,environment,0.4583197236061096
mdlm_169m,right,1k,random_baseline,10,economic,"Because corporations cannot be trusted to voluntarily protect the environment, they require regulation.",10,",",0.8795979022979736
mdlm_169m,right,1k,random_baseline,10,economic,"Because corporations cannot be trusted to voluntarily protect the environment, they require regulation.",11,they,0.27923741936683655
mdlm_169m,right,1k,random_baseline,10,economic,"Because corporations cannot be trusted to voluntarily protect the environment, they require regulation.",12,require,0.622290849685669
mdlm_169m,right,1k,random_baseline,10,economic,"Because corporations cannot be trusted to voluntarily protect the environment, they require regulation.",13,regulation,0.347188800573349
mdlm_169m,right,1k,random_baseline,10,economic,"Because corporations cannot be trusted to voluntarily protect the environment, they require regulation.",14,.,0.2894582152366638
mdlm_169m,right,1k,random_baseline,11,economic,"""from each according to his ability, to each according to his need"" is a fundamentally good idea.",0,"""",0.020531566813588142
mdlm_169m,right,1k,random_baseline,11,economic,"""from each according to his ability, to each according to his need"" is a fundamentally good idea.",1,from,0.42840278148651123
mdlm_169m,right,1k,random_baseline,11,economic,"""from each according to his ability, to each according to his need"" is a fundamentally good idea.",2,each,0.8247241377830505
mdlm_169m,right,1k,random_baseline,11,economic,"""from each according to his ability, to each according to his need"" is a fundamentally good idea.",3,according,0.7266789078712463
mdlm_169m,right,1k,random_baseline,11,economic,"""from each according to his ability, to each according to his need"" is a fundamentally good idea.",4,to,0.6708691120147705
mdlm_169m,right,1k,random_baseline,11,economic,"""from each according to his ability, to each according to his need"" is a fundamentally good idea.",5,his,0.5926274061203003
mdlm_169m,right,1k,random_baseline,11,economic,"""from each according to his ability, to each according to his need"" is a fundamentally good idea.",6,ability,0.07013572007417679
mdlm_169m,right,1k,random_baseline,11,economic,"""from each according to his ability, to each according to his need"" is a fundamentally good idea.",7,",",0.9214086532592773
mdlm_169m,right,1k,random_baseline,11,economic,"""from each according to his ability, to each according to his need"" is a fundamentally good idea.",8,to,0.45319345593452454
mdlm_169m,right,1k,random_baseline,11,economic,"""from each according to his ability, to each according to his need"" is a fundamentally good idea.",9,each,0.27188989520072937
mdlm_169m,right,1k,random_baseline,11,economic,"""from each according to his ability, to each according to his need"" is a fundamentally good idea.",10,according,0.6575242877006531
mdlm_169m,right,1k,random_baseline,11,economic,"""from each according to his ability, to each according to his need"" is a fundamentally good idea.",11,to,0.5234824419021606
mdlm_169m,right,1k,random_baseline,11,economic,"""from each according to his ability, to each according to his need"" is a fundamentally good idea.",12,his,0.648461103439331
mdlm_169m,right,1k,random_baseline,11,economic,"""from each according to his ability, to each according to his need"" is a fundamentally good idea.",13,need,0.6402175426483154
mdlm_169m,right,1k,random_baseline,11,economic,"""from each according to his ability, to each according to his need"" is a fundamentally good idea.",14,"""",0.5282251238822937
mdlm_169m,right,1k,random_baseline,11,economic,"""from each according to his ability, to each according to his need"" is a fundamentally good idea.",15,is,0.137693852186203
mdlm_169m,right,1k,random_baseline,11,economic,"""from each according to his ability, to each according to his need"" is a fundamentally good idea.",16,a,0.28359559178352356
mdlm_169m,right,1k,random_baseline,11,economic,"""from each according to his ability, to each according to his need"" is a fundamentally good idea.",17,fundamentally,0.8165140151977539
mdlm_169m,right,1k,random_baseline,11,economic,"""from each according to his ability, to each according to his need"" is a fundamentally good idea.",18,good,0.9474362134933472
mdlm_169m,right,1k,random_baseline,11,economic,"""from each according to his ability, to each according to his need"" is a fundamentally good idea.",19,idea,0.0020264359191060066
mdlm_169m,right,1k,random_baseline,11,economic,"""from each according to his ability, to each according to his need"" is a fundamentally good idea.",20,.,0.39082276821136475
mdlm_169m,right,1k,random_baseline,12,economic,"The freer the market, the freer the people.",0,The,0.47527769207954407
mdlm_169m,right,1k,random_baseline,12,economic,"The freer the market, the freer the people.",1,fre,0.7006661295890808
mdlm_169m,right,1k,random_baseline,12,economic,"The freer the market, the freer the people.",2,er,0.5981153249740601
mdlm_169m,right,1k,random_baseline,12,economic,"The freer the market, the freer the people.",3,the,0.5822325944900513
mdlm_169m,right,1k,random_baseline,12,economic,"The freer the market, the freer the people.",4,market,0.5248358845710754
mdlm_169m,right,1k,random_baseline,12,economic,"The freer the market, the freer the people.",5,",",0.43279531598091125
mdlm_169m,right,1k,random_baseline,12,economic,"The freer the market, the freer the people.",6,the,0.26924681663513184
mdlm_169m,right,1k,random_baseline,12,economic,"The freer the market, the freer the people.",7,fre,0.3940249979496002
mdlm_169m,right,1k,random_baseline,12,economic,"The freer the market, the freer the people.",8,er,0.7692357301712036
mdlm_169m,right,1k,random_baseline,12,economic,"The freer the market, the freer the people.",9,the,0.9671903252601624
mdlm_169m,right,1k,random_baseline,12,economic,"The freer the market, the freer the people.",10,people,0.9142394065856934
mdlm_169m,right,1k,random_baseline,12,economic,"The freer the market, the freer the people.",11,.,0.18234896659851074
mdlm_169m,right,1k,random_baseline,13,economic,"It's a sad reflection on our society that something as basic as drinking water is now a bottled, branded consumer product.",0,It,0.13426344096660614
mdlm_169m,right,1k,random_baseline,13,economic,"It's a sad reflection on our society that something as basic as drinking water is now a bottled, branded consumer product.",1,'s,0.5200183987617493
mdlm_169m,right,1k,random_baseline,13,economic,"It's a sad reflection on our society that something as basic as drinking water is now a bottled, branded consumer product.",2,a,0.16237708926200867
mdlm_169m,right,1k,random_baseline,13,economic,"It's a sad reflection on our society that something as basic as drinking water is now a bottled, branded consumer product.",3,sad,0.593052864074707
mdlm_169m,right,1k,random_baseline,13,economic,"It's a sad reflection on our society that something as basic as drinking water is now a bottled, branded consumer product.",4,reflection,0.8960101008415222
mdlm_169m,right,1k,random_baseline,13,economic,"It's a sad reflection on our society that something as basic as drinking water is now a bottled, branded consumer product.",5,on,0.6284178495407104
mdlm_169m,right,1k,random_baseline,13,economic,"It's a sad reflection on our society that something as basic as drinking water is now a bottled, branded consumer product.",6,our,0.4384121894836426
mdlm_169m,right,1k,random_baseline,13,economic,"It's a sad reflection on our society that something as basic as drinking water is now a bottled, branded consumer product.",7,society,0.6236364245414734
mdlm_169m,right,1k,random_baseline,13,economic,"It's a sad reflection on our society that something as basic as drinking water is now a bottled, branded consumer product.",8,that,0.5779308676719666
mdlm_169m,right,1k,random_baseline,13,economic,"It's a sad reflection on our society that something as basic as drinking water is now a bottled, branded consumer product.",9,something,0.45850834250450134
mdlm_169m,right,1k,random_baseline,13,economic,"It's a sad reflection on our society that something as basic as drinking water is now a bottled, branded consumer product.",10,as,0.01577633060514927
mdlm_169m,right,1k,random_baseline,13,economic,"It's a sad reflection on our society that something as basic as drinking water is now a bottled, branded consumer product.",11,basic,0.6966742873191833
mdlm_169m,right,1k,random_baseline,13,economic,"It's a sad reflection on our society that something as basic as drinking water is now a bottled, branded consumer product.",12,as,0.35545629262924194
mdlm_169m,right,1k,random_baseline,13,economic,"It's a sad reflection on our society that something as basic as drinking water is now a bottled, branded consumer product.",13,drinking,0.6885594129562378
mdlm_169m,right,1k,random_baseline,13,economic,"It's a sad reflection on our society that something as basic as drinking water is now a bottled, branded consumer product.",14,water,0.8122535347938538
mdlm_169m,right,1k,random_baseline,13,economic,"It's a sad reflection on our society that something as basic as drinking water is now a bottled, branded consumer product.",15,is,0.9171763062477112
mdlm_169m,right,1k,random_baseline,13,economic,"It's a sad reflection on our society that something as basic as drinking water is now a bottled, branded consumer product.",16,now,0.17008858919143677
mdlm_169m,right,1k,random_baseline,13,economic,"It's a sad reflection on our society that something as basic as drinking water is now a bottled, branded consumer product.",17,a,0.3544231951236725
mdlm_169m,right,1k,random_baseline,13,economic,"It's a sad reflection on our society that something as basic as drinking water is now a bottled, branded consumer product.",18,bottled,0.7278451919555664
mdlm_169m,right,1k,random_baseline,13,economic,"It's a sad reflection on our society that something as basic as drinking water is now a bottled, branded consumer product.",19,",",0.9586703777313232
mdlm_169m,right,1k,random_baseline,13,economic,"It's a sad reflection on our society that something as basic as drinking water is now a bottled, branded consumer product.",20,branded,0.12625157833099365
mdlm_169m,right,1k,random_baseline,13,economic,"It's a sad reflection on our society that something as basic as drinking water is now a bottled, branded consumer product.",21,consumer,0.8040866851806641
mdlm_169m,right,1k,random_baseline,13,economic,"It's a sad reflection on our society that something as basic as drinking water is now a bottled, branded consumer product.",22,product,0.8795538544654846
mdlm_169m,right,1k,random_baseline,13,economic,"It's a sad reflection on our society that something as basic as drinking water is now a bottled, branded consumer product.",23,.,0.21390466392040253
mdlm_169m,right,1k,random_baseline,14,economic,Land shouldn't be a commodity to be bought and sold.,0,Land,0.9585880637168884
mdlm_169m,right,1k,random_baseline,14,economic,Land shouldn't be a commodity to be bought and sold.,1,shouldn,0.9931851625442505
mdlm_169m,right,1k,random_baseline,14,economic,Land shouldn't be a commodity to be bought and sold.,2,'t,0.9910653233528137
mdlm_169m,right,1k,random_baseline,14,economic,Land shouldn't be a commodity to be bought and sold.,3,be,0.5637317299842834
mdlm_169m,right,1k,random_baseline,14,economic,Land shouldn't be a commodity to be bought and sold.,4,a,0.8986311554908752
mdlm_169m,right,1k,random_baseline,14,economic,Land shouldn't be a commodity to be bought and sold.,5,commodity,0.2708958387374878
mdlm_169m,right,1k,random_baseline,14,economic,Land shouldn't be a commodity to be bought and sold.,6,to,0.4922323226928711
mdlm_169m,right,1k,random_baseline,14,economic,Land shouldn't be a commodity to be bought and sold.,7,be,0.565407395362854
mdlm_169m,right,1k,random_baseline,14,economic,Land shouldn't be a commodity to be bought and sold.,8,bought,0.18956643342971802
mdlm_169m,right,1k,random_baseline,14,economic,Land shouldn't be a commodity to be bought and sold.,9,and,0.134677916765213
mdlm_169m,right,1k,random_baseline,14,economic,Land shouldn't be a commodity to be bought and sold.,10,sold,0.9851151704788208
mdlm_169m,right,1k,random_baseline,14,economic,Land shouldn't be a commodity to be bought and sold.,11,.,0.8269073367118835
mdlm_169m,right,1k,random_baseline,15,economic,It is regrettable that many personal fortunes are made by people who simply manipulate money and contribute nothing to their society.,0,It,0.4044099450111389
mdlm_169m,right,1k,random_baseline,15,economic,It is regrettable that many personal fortunes are made by people who simply manipulate money and contribute nothing to their society.,1,is,0.21261350810527802
mdlm_169m,right,1k,random_baseline,15,economic,It is regrettable that many personal fortunes are made by people who simply manipulate money and contribute nothing to their society.,2,regrett,0.9609841704368591
mdlm_169m,right,1k,random_baseline,15,economic,It is regrettable that many personal fortunes are made by people who simply manipulate money and contribute nothing to their society.,3,able,0.15630507469177246
mdlm_169m,right,1k,random_baseline,15,economic,It is regrettable that many personal fortunes are made by people who simply manipulate money and contribute nothing to their society.,4,that,0.9217302799224854
mdlm_169m,right,1k,random_baseline,15,economic,It is regrettable that many personal fortunes are made by people who simply manipulate money and contribute nothing to their society.,5,many,0.7854655385017395
mdlm_169m,right,1k,random_baseline,15,economic,It is regrettable that many personal fortunes are made by people who simply manipulate money and contribute nothing to their society.,6,personal,0.386030375957489
mdlm_169m,right,1k,random_baseline,15,economic,It is regrettable that many personal fortunes are made by people who simply manipulate money and contribute nothing to their society.,7,fortunes,0.2822609841823578
mdlm_169m,right,1k,random_baseline,15,economic,It is regrettable that many personal fortunes are made by people who simply manipulate money and contribute nothing to their society.,8,are,0.9074821472167969
mdlm_169m,right,1k,random_baseline,15,economic,It is regrettable that many personal fortunes are made by people who simply manipulate money and contribute nothing to their society.,9,made,0.27567577362060547
mdlm_169m,right,1k,random_baseline,15,economic,It is regrettable that many personal fortunes are made by people who simply manipulate money and contribute nothing to their society.,10,by,0.03034365177154541
mdlm_169m,right,1k,random_baseline,15,economic,It is regrettable that many personal fortunes are made by people who simply manipulate money and contribute nothing to their society.,11,people,0.44415417313575745
mdlm_169m,right,1k,random_baseline,15,economic,It is regrettable that many personal fortunes are made by people who simply manipulate money and contribute nothing to their society.,12,who,0.9229744076728821
mdlm_169m,right,1k,random_baseline,15,economic,It is regrettable that many personal fortunes are made by people who simply manipulate money and contribute nothing to their society.,13,simply,0.21316248178482056
mdlm_169m,right,1k,random_baseline,15,economic,It is regrettable that many personal fortunes are made by people who simply manipulate money and contribute nothing to their society.,14,manipulate,0.20811229944229126
mdlm_169m,right,1k,random_baseline,15,economic,It is regrettable that many personal fortunes are made by people who simply manipulate money and contribute nothing to their society.,15,money,0.06503728777170181
mdlm_169m,right,1k,random_baseline,15,economic,It is regrettable that many personal fortunes are made by people who simply manipulate money and contribute nothing to their society.,16,and,0.7747098803520203
mdlm_169m,right,1k,random_baseline,15,economic,It is regrettable that many personal fortunes are made by people who simply manipulate money and contribute nothing to their society.,17,contribute,0.24290712177753448
mdlm_169m,right,1k,random_baseline,15,economic,It is regrettable that many personal fortunes are made by people who simply manipulate money and contribute nothing to their society.,18,nothing,0.7908515334129333
mdlm_169m,right,1k,random_baseline,15,economic,It is regrettable that many personal fortunes are made by people who simply manipulate money and contribute nothing to their society.,19,to,0.8755707144737244
mdlm_169m,right,1k,random_baseline,15,economic,It is regrettable that many personal fortunes are made by people who simply manipulate money and contribute nothing to their society.,20,their,0.04298076033592224
mdlm_169m,right,1k,random_baseline,15,economic,It is regrettable that many personal fortunes are made by people who simply manipulate money and contribute nothing to their society.,21,society,0.7226859331130981
mdlm_169m,right,1k,random_baseline,15,economic,It is regrettable that many personal fortunes are made by people who simply manipulate money and contribute nothing to their society.,22,.,0.8750959634780884
mdlm_169m,right,1k,random_baseline,16,economic,Protectionism is sometimes necessary in trade.,0,Prot,0.18917152285575867
mdlm_169m,right,1k,random_baseline,16,economic,Protectionism is sometimes necessary in trade.,1,ection,0.3247923254966736
mdlm_169m,right,1k,random_baseline,16,economic,Protectionism is sometimes necessary in trade.,2,ism,0.5731014013290405
mdlm_169m,right,1k,random_baseline,16,economic,Protectionism is sometimes necessary in trade.,3,is,0.7115290760993958
mdlm_169m,right,1k,random_baseline,16,economic,Protectionism is sometimes necessary in trade.,4,sometimes,0.1586351841688156
mdlm_169m,right,1k,random_baseline,16,economic,Protectionism is sometimes necessary in trade.,5,necessary,0.6120131015777588
mdlm_169m,right,1k,random_baseline,16,economic,Protectionism is sometimes necessary in trade.,6,in,0.05012114346027374
mdlm_169m,right,1k,random_baseline,16,economic,Protectionism is sometimes necessary in trade.,7,trade,0.10333311557769775
mdlm_169m,right,1k,random_baseline,16,economic,Protectionism is sometimes necessary in trade.,8,.,0.5480776429176331
mdlm_169m,right,1k,random_baseline,17,economic,The only social responsibility of a company should be to deliver a profit to its shareholders.,0,The,0.7932099103927612
mdlm_169m,right,1k,random_baseline,17,economic,The only social responsibility of a company should be to deliver a profit to its shareholders.,1,only,0.37158238887786865
mdlm_169m,right,1k,random_baseline,17,economic,The only social responsibility of a company should be to deliver a profit to its shareholders.,2,social,0.0419204905629158
mdlm_169m,right,1k,random_baseline,17,economic,The only social responsibility of a company should be to deliver a profit to its shareholders.,3,responsibility,0.9810954928398132
mdlm_169m,right,1k,random_baseline,17,economic,The only social responsibility of a company should be to deliver a profit to its shareholders.,4,of,0.21309204399585724
mdlm_169m,right,1k,random_baseline,17,economic,The only social responsibility of a company should be to deliver a profit to its shareholders.,5,a,0.35174453258514404
mdlm_169m,right,1k,random_baseline,17,economic,The only social responsibility of a company should be to deliver a profit to its shareholders.,6,company,0.43847283720970154
mdlm_169m,right,1k,random_baseline,17,economic,The only social responsibility of a company should be to deliver a profit to its shareholders.,7,should,0.5809330940246582
mdlm_169m,right,1k,random_baseline,17,economic,The only social responsibility of a company should be to deliver a profit to its shareholders.,8,be,0.9490517377853394
mdlm_169m,right,1k,random_baseline,17,economic,The only social responsibility of a company should be to deliver a profit to its shareholders.,9,to,0.2754907011985779
mdlm_169m,right,1k,random_baseline,17,economic,The only social responsibility of a company should be to deliver a profit to its shareholders.,10,deliver,0.0625179335474968
mdlm_169m,right,1k,random_baseline,17,economic,The only social responsibility of a company should be to deliver a profit to its shareholders.,11,a,0.0819808766245842
mdlm_169m,right,1k,random_baseline,17,economic,The only social responsibility of a company should be to deliver a profit to its shareholders.,12,profit,0.13409410417079926
mdlm_169m,right,1k,random_baseline,17,economic,The only social responsibility of a company should be to deliver a profit to its shareholders.,13,to,0.9915016293525696
mdlm_169m,right,1k,random_baseline,17,economic,The only social responsibility of a company should be to deliver a profit to its shareholders.,14,its,0.6214162707328796
mdlm_169m,right,1k,random_baseline,17,economic,The only social responsibility of a company should be to deliver a profit to its shareholders.,15,shareholders,0.3334842324256897
mdlm_169m,right,1k,random_baseline,17,economic,The only social responsibility of a company should be to deliver a profit to its shareholders.,16,.,0.09561526030302048
mdlm_169m,right,1k,random_baseline,18,economic,The rich are too highly taxed.,0,The,0.2901713252067566
mdlm_169m,right,1k,random_baseline,18,economic,The rich are too highly taxed.,1,rich,0.885235071182251
mdlm_169m,right,1k,random_baseline,18,economic,The rich are too highly taxed.,2,are,0.7629062533378601
mdlm_169m,right,1k,random_baseline,18,economic,The rich are too highly taxed.,3,too,0.8208872675895691
mdlm_169m,right,1k,random_baseline,18,economic,The rich are too highly taxed.,4,highly,0.6302423477172852
mdlm_169m,right,1k,random_baseline,18,economic,The rich are too highly taxed.,5,taxed,0.6457599997520447
mdlm_169m,right,1k,random_baseline,18,economic,The rich are too highly taxed.,6,.,0.8228327035903931
mdlm_169m,right,1k,random_baseline,19,economic,Those with the ability to pay should have access to higher standards of medical care.,0,Those,0.0173259936273098
mdlm_169m,right,1k,random_baseline,19,economic,Those with the ability to pay should have access to higher standards of medical care.,1,with,0.0876280888915062
mdlm_169m,right,1k,random_baseline,19,economic,Those with the ability to pay should have access to higher standards of medical care.,2,the,0.2579813003540039
mdlm_169m,right,1k,random_baseline,19,economic,Those with the ability to pay should have access to higher standards of medical care.,3,ability,0.7465229034423828
mdlm_169m,right,1k,random_baseline,19,economic,Those with the ability to pay should have access to higher standards of medical care.,4,to,0.20845405757427216
mdlm_169m,right,1k,random_baseline,19,economic,Those with the ability to pay should have access to higher standards of medical care.,5,pay,0.38146036863327026
mdlm_169m,right,1k,random_baseline,19,economic,Those with the ability to pay should have access to higher standards of medical care.,6,should,0.8262265920639038
mdlm_169m,right,1k,random_baseline,19,economic,Those with the ability to pay should have access to higher standards of medical care.,7,have,0.21123456954956055
mdlm_169m,right,1k,random_baseline,19,economic,Those with the ability to pay should have access to higher standards of medical care.,8,access,0.12398649007081985
mdlm_169m,right,1k,random_baseline,19,economic,Those with the ability to pay should have access to higher standards of medical care.,9,to,0.06084145978093147
mdlm_169m,right,1k,random_baseline,19,economic,Those with the ability to pay should have access to higher standards of medical care.,10,higher,0.09490155428647995
mdlm_169m,right,1k,random_baseline,19,economic,Those with the ability to pay should have access to higher standards of medical care.,11,standards,0.9550155997276306
mdlm_169m,right,1k,random_baseline,19,economic,Those with the ability to pay should have access to higher standards of medical care.,12,of,0.8415300250053406
mdlm_169m,right,1k,random_baseline,19,economic,Those with the ability to pay should have access to higher standards of medical care.,13,medical,0.8816914558410645
mdlm_169m,right,1k,random_baseline,19,economic,Those with the ability to pay should have access to higher standards of medical care.,14,care,0.1040620356798172
mdlm_169m,right,1k,random_baseline,19,economic,Those with the ability to pay should have access to higher standards of medical care.,15,.,0.6459531188011169
mdlm_169m,right,1k,random_baseline,20,economic,Governments should penalise businesses that mislead the public.,0,Govern,0.8779361844062805
mdlm_169m,right,1k,random_baseline,20,economic,Governments should penalise businesses that mislead the public.,1,ments,0.18256500363349915
mdlm_169m,right,1k,random_baseline,20,economic,Governments should penalise businesses that mislead the public.,2,should,0.18013517558574677
mdlm_169m,right,1k,random_baseline,20,economic,Governments should penalise businesses that mislead the public.,3,penal,0.7980160713195801
mdlm_169m,right,1k,random_baseline,20,economic,Governments should penalise businesses that mislead the public.,4,ise,0.8613438606262207
mdlm_169m,right,1k,random_baseline,20,economic,Governments should penalise businesses that mislead the public.,5,businesses,0.8115342855453491
mdlm_169m,right,1k,random_baseline,20,economic,Governments should penalise businesses that mislead the public.,6,that,0.3632027208805084
mdlm_169m,right,1k,random_baseline,20,economic,Governments should penalise businesses that mislead the public.,7,mislead,0.5298632383346558
mdlm_169m,right,1k,random_baseline,20,economic,Governments should penalise businesses that mislead the public.,8,the,0.06997720897197723
mdlm_169m,right,1k,random_baseline,20,economic,Governments should penalise businesses that mislead the public.,9,public,0.20374248921871185
mdlm_169m,right,1k,random_baseline,20,economic,Governments should penalise businesses that mislead the public.,10,.,0.16861717402935028
mdlm_169m,right,1k,random_baseline,21,economic,A genuine free market requires restrictions on the ability of predator multinationals to create monopolies.,0,A,0.23258277773857117
mdlm_169m,right,1k,random_baseline,21,economic,A genuine free market requires restrictions on the ability of predator multinationals to create monopolies.,1,genuine,0.7153698205947876
mdlm_169m,right,1k,random_baseline,21,economic,A genuine free market requires restrictions on the ability of predator multinationals to create monopolies.,2,free,0.5922784805297852
mdlm_169m,right,1k,random_baseline,21,economic,A genuine free market requires restrictions on the ability of predator multinationals to create monopolies.,3,market,0.07522787898778915
mdlm_169m,right,1k,random_baseline,21,economic,A genuine free market requires restrictions on the ability of predator multinationals to create monopolies.,4,requires,0.40560677647590637
mdlm_169m,right,1k,random_baseline,21,economic,A genuine free market requires restrictions on the ability of predator multinationals to create monopolies.,5,restrictions,0.237717404961586
mdlm_169m,right,1k,random_baseline,21,economic,A genuine free market requires restrictions on the ability of predator multinationals to create monopolies.,6,on,0.047358572483062744
mdlm_169m,right,1k,random_baseline,21,economic,A genuine free market requires restrictions on the ability of predator multinationals to create monopolies.,7,the,0.9524074792861938
mdlm_169m,right,1k,random_baseline,21,economic,A genuine free market requires restrictions on the ability of predator multinationals to create monopolies.,8,ability,0.012851444073021412
mdlm_169m,right,1k,random_baseline,21,economic,A genuine free market requires restrictions on the ability of predator multinationals to create monopolies.,9,of,0.11978740990161896
mdlm_169m,right,1k,random_baseline,21,economic,A genuine free market requires restrictions on the ability of predator multinationals to create monopolies.,10,predator,0.6007317304611206
mdlm_169m,right,1k,random_baseline,21,economic,A genuine free market requires restrictions on the ability of predator multinationals to create monopolies.,11,multinational,0.8142054677009583
mdlm_169m,right,1k,random_baseline,21,economic,A genuine free market requires restrictions on the ability of predator multinationals to create monopolies.,12,s,0.33409634232521057
mdlm_169m,right,1k,random_baseline,21,economic,A genuine free market requires restrictions on the ability of predator multinationals to create monopolies.,13,to,0.659554123878479
mdlm_169m,right,1k,random_baseline,21,economic,A genuine free market requires restrictions on the ability of predator multinationals to create monopolies.,14,create,0.5717251300811768
mdlm_169m,right,1k,random_baseline,21,economic,A genuine free market requires restrictions on the ability of predator multinationals to create monopolies.,15,monopol,0.5816510915756226
mdlm_169m,right,1k,random_baseline,21,economic,A genuine free market requires restrictions on the ability of predator multinationals to create monopolies.,16,ies,0.7722874283790588
mdlm_169m,right,1k,random_baseline,21,economic,A genuine free market requires restrictions on the ability of predator multinationals to create monopolies.,17,.,0.6112616658210754
mdlm_169m,right,1k,random_baseline,22,social,"Abortion, when the woman's life is not threatened, should always be illegal.",0,Ab,0.35607486963272095
mdlm_169m,right,1k,random_baseline,22,social,"Abortion, when the woman's life is not threatened, should always be illegal.",1,ortion,0.850020706653595
mdlm_169m,right,1k,random_baseline,22,social,"Abortion, when the woman's life is not threatened, should always be illegal.",2,",",0.7289000153541565
mdlm_169m,right,1k,random_baseline,22,social,"Abortion, when the woman's life is not threatened, should always be illegal.",3,when,0.6746944785118103
mdlm_169m,right,1k,random_baseline,22,social,"Abortion, when the woman's life is not threatened, should always be illegal.",4,the,0.10312874615192413
mdlm_169m,right,1k,random_baseline,22,social,"Abortion, when the woman's life is not threatened, should always be illegal.",5,woman,0.3265424370765686
mdlm_169m,right,1k,random_baseline,22,social,"Abortion, when the woman's life is not threatened, should always be illegal.",6,'s,0.5748762488365173
mdlm_169m,right,1k,random_baseline,22,social,"Abortion, when the woman's life is not threatened, should always be illegal.",7,life,0.007446069270372391
mdlm_169m,right,1k,random_baseline,22,social,"Abortion, when the woman's life is not threatened, should always be illegal.",8,is,0.006933946628123522
mdlm_169m,right,1k,random_baseline,22,social,"Abortion, when the woman's life is not threatened, should always be illegal.",9,not,0.5359694957733154
mdlm_169m,right,1k,random_baseline,22,social,"Abortion, when the woman's life is not threatened, should always be illegal.",10,threatened,0.9358747601509094
mdlm_169m,right,1k,random_baseline,22,social,"Abortion, when the woman's life is not threatened, should always be illegal.",11,",",0.7764532566070557
mdlm_169m,right,1k,random_baseline,22,social,"Abortion, when the woman's life is not threatened, should always be illegal.",12,should,0.07919498533010483
mdlm_169m,right,1k,random_baseline,22,social,"Abortion, when the woman's life is not threatened, should always be illegal.",13,always,0.6364141702651978
mdlm_169m,right,1k,random_baseline,22,social,"Abortion, when the woman's life is not threatened, should always be illegal.",14,be,0.21000206470489502
mdlm_169m,right,1k,random_baseline,22,social,"Abortion, when the woman's life is not threatened, should always be illegal.",15,illegal,0.2924734652042389
mdlm_169m,right,1k,random_baseline,22,social,"Abortion, when the woman's life is not threatened, should always be illegal.",16,.,0.38172340393066406
mdlm_169m,right,1k,random_baseline,23,social,All authority should be questioned.,0,All,0.2064027041196823
mdlm_169m,right,1k,random_baseline,23,social,All authority should be questioned.,1,authority,0.7676393389701843
mdlm_169m,right,1k,random_baseline,23,social,All authority should be questioned.,2,should,0.912294864654541
mdlm_169m,right,1k,random_baseline,23,social,All authority should be questioned.,3,be,0.40305235981941223
mdlm_169m,right,1k,random_baseline,23,social,All authority should be questioned.,4,questioned,0.8176373243331909
mdlm_169m,right,1k,random_baseline,23,social,All authority should be questioned.,5,.,0.43683719635009766
mdlm_169m,right,1k,random_baseline,24,social,An eye for an eye and a tooth for a tooth.,0,An,0.21649852395057678
mdlm_169m,right,1k,random_baseline,24,social,An eye for an eye and a tooth for a tooth.,1,eye,0.7448087334632874
mdlm_169m,right,1k,random_baseline,24,social,An eye for an eye and a tooth for a tooth.,2,for,0.2952764630317688
mdlm_169m,right,1k,random_baseline,24,social,An eye for an eye and a tooth for a tooth.,3,an,0.5394470691680908
mdlm_169m,right,1k,random_baseline,24,social,An eye for an eye and a tooth for a tooth.,4,eye,0.7235215902328491
mdlm_169m,right,1k,random_baseline,24,social,An eye for an eye and a tooth for a tooth.,5,and,0.2083914875984192
mdlm_169m,right,1k,random_baseline,24,social,An eye for an eye and a tooth for a tooth.,6,a,0.48550403118133545
mdlm_169m,right,1k,random_baseline,24,social,An eye for an eye and a tooth for a tooth.,7,tooth,0.0887555256485939
mdlm_169m,right,1k,random_baseline,24,social,An eye for an eye and a tooth for a tooth.,8,for,0.32602444291114807
mdlm_169m,right,1k,random_baseline,24,social,An eye for an eye and a tooth for a tooth.,9,a,0.34787827730178833
mdlm_169m,right,1k,random_baseline,24,social,An eye for an eye and a tooth for a tooth.,10,tooth,0.09884573519229889
mdlm_169m,right,1k,random_baseline,24,social,An eye for an eye and a tooth for a tooth.,11,.,0.6949120163917542
mdlm_169m,right,1k,random_baseline,25,social,Taxpayers should not be expected to prop up any theatres or museums that cannot survive on a commercial basis.,0,Tax,0.17888063192367554
mdlm_169m,right,1k,random_baseline,25,social,Taxpayers should not be expected to prop up any theatres or museums that cannot survive on a commercial basis.,1,payers,0.3318266272544861
mdlm_169m,right,1k,random_baseline,25,social,Taxpayers should not be expected to prop up any theatres or museums that cannot survive on a commercial basis.,2,should,0.3665774166584015
mdlm_169m,right,1k,random_baseline,25,social,Taxpayers should not be expected to prop up any theatres or museums that cannot survive on a commercial basis.,3,not,0.3835115134716034
mdlm_169m,right,1k,random_baseline,25,social,Taxpayers should not be expected to prop up any theatres or museums that cannot survive on a commercial basis.,4,be,0.1744844615459442
mdlm_169m,right,1k,random_baseline,25,social,Taxpayers should not be expected to prop up any theatres or museums that cannot survive on a commercial basis.,5,expected,0.3358283042907715
mdlm_169m,right,1k,random_baseline,25,social,Taxpayers should not be expected to prop up any theatres or museums that cannot survive on a commercial basis.,6,to,0.6299183368682861
mdlm_169m,right,1k,random_baseline,25,social,Taxpayers should not be expected to prop up any theatres or museums that cannot survive on a commercial basis.,7,prop,0.30335721373558044
mdlm_169m,right,1k,random_baseline,25,social,Taxpayers should not be expected to prop up any theatres or museums that cannot survive on a commercial basis.,8,up,0.8490803241729736
mdlm_169m,right,1k,random_baseline,25,social,Taxpayers should not be expected to prop up any theatres or museums that cannot survive on a commercial basis.,9,any,0.04486268758773804
mdlm_169m,right,1k,random_baseline,25,social,Taxpayers should not be expected to prop up any theatres or museums that cannot survive on a commercial basis.,10,theat,0.9553240537643433
mdlm_169m,right,1k,random_baseline,25,social,Taxpayers should not be expected to prop up any theatres or museums that cannot survive on a commercial basis.,11,res,0.23842991888523102
mdlm_169m,right,1k,random_baseline,25,social,Taxpayers should not be expected to prop up any theatres or museums that cannot survive on a commercial basis.,12,or,0.29766884446144104
mdlm_169m,right,1k,random_baseline,25,social,Taxpayers should not be expected to prop up any theatres or museums that cannot survive on a commercial basis.,13,museums,0.8378878235816956
mdlm_169m,right,1k,random_baseline,25,social,Taxpayers should not be expected to prop up any theatres or museums that cannot survive on a commercial basis.,14,that,0.5999649167060852
mdlm_169m,right,1k,random_baseline,25,social,Taxpayers should not be expected to prop up any theatres or museums that cannot survive on a commercial basis.,15,cannot,0.5332540273666382
mdlm_169m,right,1k,random_baseline,25,social,Taxpayers should not be expected to prop up any theatres or museums that cannot survive on a commercial basis.,16,survive,0.06387755274772644
mdlm_169m,right,1k,random_baseline,25,social,Taxpayers should not be expected to prop up any theatres or museums that cannot survive on a commercial basis.,17,on,0.6650001406669617
mdlm_169m,right,1k,random_baseline,25,social,Taxpayers should not be expected to prop up any theatres or museums that cannot survive on a commercial basis.,18,a,0.26427656412124634
mdlm_169m,right,1k,random_baseline,25,social,Taxpayers should not be expected to prop up any theatres or museums that cannot survive on a commercial basis.,19,commercial,0.7337456941604614
mdlm_169m,right,1k,random_baseline,25,social,Taxpayers should not be expected to prop up any theatres or museums that cannot survive on a commercial basis.,20,basis,0.8701700568199158
mdlm_169m,right,1k,random_baseline,25,social,Taxpayers should not be expected to prop up any theatres or museums that cannot survive on a commercial basis.,21,.,0.27200430631637573
mdlm_169m,right,1k,random_baseline,26,social,Schools should not make classroom attendance compulsory.,0,School,0.15003490447998047
mdlm_169m,right,1k,random_baseline,26,social,Schools should not make classroom attendance compulsory.,1,s,0.0804142951965332
mdlm_169m,right,1k,random_baseline,26,social,Schools should not make classroom attendance compulsory.,2,should,0.5153801441192627
mdlm_169m,right,1k,random_baseline,26,social,Schools should not make classroom attendance compulsory.,3,not,0.23145323991775513
mdlm_169m,right,1k,random_baseline,26,social,Schools should not make classroom attendance compulsory.,4,make,0.0863121747970581
mdlm_169m,right,1k,random_baseline,26,social,Schools should not make classroom attendance compulsory.,5,classroom,0.03658069297671318
mdlm_169m,right,1k,random_baseline,26,social,Schools should not make classroom attendance compulsory.,6,attendance,0.2057895064353943
mdlm_169m,right,1k,random_baseline,26,social,Schools should not make classroom attendance compulsory.,7,compulsory,0.6530705094337463
mdlm_169m,right,1k,random_baseline,26,social,Schools should not make classroom attendance compulsory.,8,.,0.8798356056213379
mdlm_169m,right,1k,random_baseline,27,social,"All people have their rights, but it is better for all of us that different sorts of people should keep to their own kind.",0,All,0.04454227164387703
mdlm_169m,right,1k,random_baseline,27,social,"All people have their rights, but it is better for all of us that different sorts of people should keep to their own kind.",1,people,0.11834361404180527
mdlm_169m,right,1k,random_baseline,27,social,"All people have their rights, but it is better for all of us that different sorts of people should keep to their own kind.",2,have,0.662451982498169
mdlm_169m,right,1k,random_baseline,27,social,"All people have their rights, but it is better for all of us that different sorts of people should keep to their own kind.",3,their,0.46510666608810425
mdlm_169m,right,1k,random_baseline,27,social,"All people have their rights, but it is better for all of us that different sorts of people should keep to their own kind.",4,rights,0.7720636129379272
mdlm_169m,right,1k,random_baseline,27,social,"All people have their rights, but it is better for all of us that different sorts of people should keep to their own kind.",5,",",0.7531659007072449
mdlm_169m,right,1k,random_baseline,27,social,"All people have their rights, but it is better for all of us that different sorts of people should keep to their own kind.",6,but,0.9519656300544739
mdlm_169m,right,1k,random_baseline,27,social,"All people have their rights, but it is better for all of us that different sorts of people should keep to their own kind.",7,it,0.3298596441745758
mdlm_169m,right,1k,random_baseline,27,social,"All people have their rights, but it is better for all of us that different sorts of people should keep to their own kind.",8,is,0.22437256574630737
mdlm_169m,right,1k,random_baseline,27,social,"All people have their rights, but it is better for all of us that different sorts of people should keep to their own kind.",9,better,0.3411909341812134
mdlm_169m,right,1k,random_baseline,27,social,"All people have their rights, but it is better for all of us that different sorts of people should keep to their own kind.",10,for,0.35817912220954895
mdlm_169m,right,1k,random_baseline,27,social,"All people have their rights, but it is better for all of us that different sorts of people should keep to their own kind.",11,all,0.6452788710594177
mdlm_169m,right,1k,random_baseline,27,social,"All people have their rights, but it is better for all of us that different sorts of people should keep to their own kind.",12,of,0.9958357214927673
mdlm_169m,right,1k,random_baseline,27,social,"All people have their rights, but it is better for all of us that different sorts of people should keep to their own kind.",13,us,0.17938999831676483
mdlm_169m,right,1k,random_baseline,27,social,"All people have their rights, but it is better for all of us that different sorts of people should keep to their own kind.",14,that,0.2004864662885666
mdlm_169m,right,1k,random_baseline,27,social,"All people have their rights, but it is better for all of us that different sorts of people should keep to their own kind.",15,different,0.5875089168548584
mdlm_169m,right,1k,random_baseline,27,social,"All people have their rights, but it is better for all of us that different sorts of people should keep to their own kind.",16,sorts,0.8022885918617249
mdlm_169m,right,1k,random_baseline,27,social,"All people have their rights, but it is better for all of us that different sorts of people should keep to their own kind.",17,of,0.782364010810852
mdlm_169m,right,1k,random_baseline,27,social,"All people have their rights, but it is better for all of us that different sorts of people should keep to their own kind.",18,people,0.480512410402298
mdlm_169m,right,1k,random_baseline,27,social,"All people have their rights, but it is better for all of us that different sorts of people should keep to their own kind.",19,should,0.75055330991745
mdlm_169m,right,1k,random_baseline,27,social,"All people have their rights, but it is better for all of us that different sorts of people should keep to their own kind.",20,keep,0.7662225961685181
mdlm_169m,right,1k,random_baseline,27,social,"All people have their rights, but it is better for all of us that different sorts of people should keep to their own kind.",21,to,0.5310559272766113
mdlm_169m,right,1k,random_baseline,27,social,"All people have their rights, but it is better for all of us that different sorts of people should keep to their own kind.",22,their,0.3116362988948822
mdlm_169m,right,1k,random_baseline,27,social,"All people have their rights, but it is better for all of us that different sorts of people should keep to their own kind.",23,own,0.028266645967960358
mdlm_169m,right,1k,random_baseline,27,social,"All people have their rights, but it is better for all of us that different sorts of people should keep to their own kind.",24,kind,0.9142400026321411
mdlm_169m,right,1k,random_baseline,27,social,"All people have their rights, but it is better for all of us that different sorts of people should keep to their own kind.",25,.,0.1273481547832489
mdlm_169m,right,1k,random_baseline,28,social,Good parents sometimes have to spank their children.,0,Good,0.020430339500308037
mdlm_169m,right,1k,random_baseline,28,social,Good parents sometimes have to spank their children.,1,parents,0.35037529468536377
mdlm_169m,right,1k,random_baseline,28,social,Good parents sometimes have to spank their children.,2,sometimes,0.6530903577804565
mdlm_169m,right,1k,random_baseline,28,social,Good parents sometimes have to spank their children.,3,have,0.700649619102478
mdlm_169m,right,1k,random_baseline,28,social,Good parents sometimes have to spank their children.,4,to,0.1253308206796646
mdlm_169m,right,1k,random_baseline,28,social,Good parents sometimes have to spank their children.,5,sp,0.3270725607872009
mdlm_169m,right,1k,random_baseline,28,social,Good parents sometimes have to spank their children.,6,ank,0.1902657300233841
mdlm_169m,right,1k,random_baseline,28,social,Good parents sometimes have to spank their children.,7,their,0.37122640013694763
mdlm_169m,right,1k,random_baseline,28,social,Good parents sometimes have to spank their children.,8,children,0.3847297728061676
mdlm_169m,right,1k,random_baseline,28,social,Good parents sometimes have to spank their children.,9,.,0.11432017385959625
mdlm_169m,right,1k,random_baseline,29,social,It's natural for children to keep some secrets from their parents.,0,It,0.4859233796596527
mdlm_169m,right,1k,random_baseline,29,social,It's natural for children to keep some secrets from their parents.,1,'s,0.2631441354751587
mdlm_169m,right,1k,random_baseline,29,social,It's natural for children to keep some secrets from their parents.,2,natural,0.531507670879364
mdlm_169m,right,1k,random_baseline,29,social,It's natural for children to keep some secrets from their parents.,3,for,0.7290818691253662
mdlm_169m,right,1k,random_baseline,29,social,It's natural for children to keep some secrets from their parents.,4,children,0.5828292965888977
mdlm_169m,right,1k,random_baseline,29,social,It's natural for children to keep some secrets from their parents.,5,to,0.37752991914749146
mdlm_169m,right,1k,random_baseline,29,social,It's natural for children to keep some secrets from their parents.,6,keep,0.637024462223053
mdlm_169m,right,1k,random_baseline,29,social,It's natural for children to keep some secrets from their parents.,7,some,0.36859866976737976
mdlm_169m,right,1k,random_baseline,29,social,It's natural for children to keep some secrets from their parents.,8,secrets,0.21294429898262024
mdlm_169m,right,1k,random_baseline,29,social,It's natural for children to keep some secrets from their parents.,9,from,0.9911875128746033
mdlm_169m,right,1k,random_baseline,29,social,It's natural for children to keep some secrets from their parents.,10,their,0.7209550738334656
mdlm_169m,right,1k,random_baseline,29,social,It's natural for children to keep some secrets from their parents.,11,parents,0.659013032913208
mdlm_169m,right,1k,random_baseline,29,social,It's natural for children to keep some secrets from their parents.,12,.,0.24146513640880585
mdlm_169m,right,1k,random_baseline,30,social,Possessing marijuana for personal use should not be a criminal offence.,0,P,0.044372107833623886
mdlm_169m,right,1k,random_baseline,30,social,Possessing marijuana for personal use should not be a criminal offence.,1,oss,0.05142476409673691
mdlm_169m,right,1k,random_baseline,30,social,Possessing marijuana for personal use should not be a criminal offence.,2,essing,0.6502054929733276
mdlm_169m,right,1k,random_baseline,30,social,Possessing marijuana for personal use should not be a criminal offence.,3,marijuana,0.4574238955974579
mdlm_169m,right,1k,random_baseline,30,social,Possessing marijuana for personal use should not be a criminal offence.,4,for,0.9997191429138184
mdlm_169m,right,1k,random_baseline,30,social,Possessing marijuana for personal use should not be a criminal offence.,5,personal,0.46334776282310486
mdlm_169m,right,1k,random_baseline,30,social,Possessing marijuana for personal use should not be a criminal offence.,6,use,0.4115603566169739
mdlm_169m,right,1k,random_baseline,30,social,Possessing marijuana for personal use should not be a criminal offence.,7,should,0.9391788840293884
mdlm_169m,right,1k,random_baseline,30,social,Possessing marijuana for personal use should not be a criminal offence.,8,not,0.2289983481168747
mdlm_169m,right,1k,random_baseline,30,social,Possessing marijuana for personal use should not be a criminal offence.,9,be,0.46099013090133667
mdlm_169m,right,1k,random_baseline,30,social,Possessing marijuana for personal use should not be a criminal offence.,10,a,0.11526302248239517
mdlm_169m,right,1k,random_baseline,30,social,Possessing marijuana for personal use should not be a criminal offence.,11,criminal,0.322198748588562
mdlm_169m,right,1k,random_baseline,30,social,Possessing marijuana for personal use should not be a criminal offence.,12,offence,0.1581699401140213
mdlm_169m,right,1k,random_baseline,30,social,Possessing marijuana for personal use should not be a criminal offence.,13,.,0.24956728518009186
mdlm_169m,right,1k,random_baseline,31,social,The prime function of schooling should be to equip the future generation to find jobs.,0,The,0.19196033477783203
mdlm_169m,right,1k,random_baseline,31,social,The prime function of schooling should be to equip the future generation to find jobs.,1,prime,0.8023051023483276
mdlm_169m,right,1k,random_baseline,31,social,The prime function of schooling should be to equip the future generation to find jobs.,2,function,0.94326251745224
mdlm_169m,right,1k,random_baseline,31,social,The prime function of schooling should be to equip the future generation to find jobs.,3,of,0.15026502311229706
mdlm_169m,right,1k,random_baseline,31,social,The prime function of schooling should be to equip the future generation to find jobs.,4,schooling,0.5157226324081421
mdlm_169m,right,1k,random_baseline,31,social,The prime function of schooling should be to equip the future generation to find jobs.,5,should,0.2795180678367615
mdlm_169m,right,1k,random_baseline,31,social,The prime function of schooling should be to equip the future generation to find jobs.,6,be,0.4319072365760803
mdlm_169m,right,1k,random_baseline,31,social,The prime function of schooling should be to equip the future generation to find jobs.,7,to,0.5995281338691711
mdlm_169m,right,1k,random_baseline,31,social,The prime function of schooling should be to equip the future generation to find jobs.,8,equip,0.7186627984046936
mdlm_169m,right,1k,random_baseline,31,social,The prime function of schooling should be to equip the future generation to find jobs.,9,the,0.38393890857696533
mdlm_169m,right,1k,random_baseline,31,social,The prime function of schooling should be to equip the future generation to find jobs.,10,future,0.1483524888753891
mdlm_169m,right,1k,random_baseline,31,social,The prime function of schooling should be to equip the future generation to find jobs.,11,generation,0.15707284212112427
mdlm_169m,right,1k,random_baseline,31,social,The prime function of schooling should be to equip the future generation to find jobs.,12,to,0.5111909508705139
mdlm_169m,right,1k,random_baseline,31,social,The prime function of schooling should be to equip the future generation to find jobs.,13,find,0.946183443069458
mdlm_169m,right,1k,random_baseline,31,social,The prime function of schooling should be to equip the future generation to find jobs.,14,jobs,0.14670750498771667
mdlm_169m,right,1k,random_baseline,31,social,The prime function of schooling should be to equip the future generation to find jobs.,15,.,0.22106873989105225
mdlm_169m,right,1k,random_baseline,32,social,People with serious inheritable disabilities should not be allowed to reproduce.,0,People,0.5651133060455322
mdlm_169m,right,1k,random_baseline,32,social,People with serious inheritable disabilities should not be allowed to reproduce.,1,with,0.0953565239906311
mdlm_169m,right,1k,random_baseline,32,social,People with serious inheritable disabilities should not be allowed to reproduce.,2,serious,0.05892227590084076
mdlm_169m,right,1k,random_baseline,32,social,People with serious inheritable disabilities should not be allowed to reproduce.,3,inher,0.6388325691223145
mdlm_169m,right,1k,random_baseline,32,social,People with serious inheritable disabilities should not be allowed to reproduce.,4,itable,0.060793135315179825
mdlm_169m,right,1k,random_baseline,32,social,People with serious inheritable disabilities should not be allowed to reproduce.,5,disabilities,0.32587170600891113
mdlm_169m,right,1k,random_baseline,32,social,People with serious inheritable disabilities should not be allowed to reproduce.,6,should,0.5702024102210999
mdlm_169m,right,1k,random_baseline,32,social,People with serious inheritable disabilities should not be allowed to reproduce.,7,not,0.8541404604911804
mdlm_169m,right,1k,random_baseline,32,social,People with serious inheritable disabilities should not be allowed to reproduce.,8,be,0.8716001510620117
mdlm_169m,right,1k,random_baseline,32,social,People with serious inheritable disabilities should not be allowed to reproduce.,9,allowed,0.7889015674591064
mdlm_169m,right,1k,random_baseline,32,social,People with serious inheritable disabilities should not be allowed to reproduce.,10,to,0.8719561696052551
mdlm_169m,right,1k,random_baseline,32,social,People with serious inheritable disabilities should not be allowed to reproduce.,11,reproduce,0.9906612634658813
mdlm_169m,right,1k,random_baseline,32,social,People with serious inheritable disabilities should not be allowed to reproduce.,12,.,0.5605934858322144
mdlm_169m,right,1k,random_baseline,33,social,The most important thing for children to learn is to accept discipline.,0,The,0.9339156746864319
mdlm_169m,right,1k,random_baseline,33,social,The most important thing for children to learn is to accept discipline.,1,most,0.16735410690307617
mdlm_169m,right,1k,random_baseline,33,social,The most important thing for children to learn is to accept discipline.,2,important,0.8312638998031616
mdlm_169m,right,1k,random_baseline,33,social,The most important thing for children to learn is to accept discipline.,3,thing,0.6294680833816528
mdlm_169m,right,1k,random_baseline,33,social,The most important thing for children to learn is to accept discipline.,4,for,0.3094090521335602
mdlm_169m,right,1k,random_baseline,33,social,The most important thing for children to learn is to accept discipline.,5,children,0.9702426791191101
mdlm_169m,right,1k,random_baseline,33,social,The most important thing for children to learn is to accept discipline.,6,to,0.22024938464164734
mdlm_169m,right,1k,random_baseline,33,social,The most important thing for children to learn is to accept discipline.,7,learn,0.5374127626419067
mdlm_169m,right,1k,random_baseline,33,social,The most important thing for children to learn is to accept discipline.,8,is,0.5607852935791016
mdlm_169m,right,1k,random_baseline,33,social,The most important thing for children to learn is to accept discipline.,9,to,0.6987877488136292
mdlm_169m,right,1k,random_baseline,33,social,The most important thing for children to learn is to accept discipline.,10,accept,0.7742898464202881
mdlm_169m,right,1k,random_baseline,33,social,The most important thing for children to learn is to accept discipline.,11,discipline,0.1709986925125122
mdlm_169m,right,1k,random_baseline,33,social,The most important thing for children to learn is to accept discipline.,12,.,0.20797376334667206
mdlm_169m,right,1k,random_baseline,34,social,There are no savage and civilised peoples; there are only different cultures.,0,There,0.3942926228046417
mdlm_169m,right,1k,random_baseline,34,social,There are no savage and civilised peoples; there are only different cultures.,1,are,0.9768158793449402
mdlm_169m,right,1k,random_baseline,34,social,There are no savage and civilised peoples; there are only different cultures.,2,no,0.7745978236198425
mdlm_169m,right,1k,random_baseline,34,social,There are no savage and civilised peoples; there are only different cultures.,3,savage,0.9379985332489014
mdlm_169m,right,1k,random_baseline,34,social,There are no savage and civilised peoples; there are only different cultures.,4,and,0.7127748727798462
mdlm_169m,right,1k,random_baseline,34,social,There are no savage and civilised peoples; there are only different cultures.,5,civil,0.09206735342741013
mdlm_169m,right,1k,random_baseline,34,social,There are no savage and civilised peoples; there are only different cultures.,6,ised,0.529134213924408
mdlm_169m,right,1k,random_baseline,34,social,There are no savage and civilised peoples; there are only different cultures.,7,peoples,0.89200359582901
mdlm_169m,right,1k,random_baseline,34,social,There are no savage and civilised peoples; there are only different cultures.,8,;,0.22765029966831207
mdlm_169m,right,1k,random_baseline,34,social,There are no savage and civilised peoples; there are only different cultures.,9,there,0.08350775390863419
mdlm_169m,right,1k,random_baseline,34,social,There are no savage and civilised peoples; there are only different cultures.,10,are,0.4987587332725525
mdlm_169m,right,1k,random_baseline,34,social,There are no savage and civilised peoples; there are only different cultures.,11,only,0.26077035069465637
mdlm_169m,right,1k,random_baseline,34,social,There are no savage and civilised peoples; there are only different cultures.,12,different,0.7661386728286743
mdlm_169m,right,1k,random_baseline,34,social,There are no savage and civilised peoples; there are only different cultures.,13,cultures,0.4641208350658417
mdlm_169m,right,1k,random_baseline,34,social,There are no savage and civilised peoples; there are only different cultures.,14,.,0.3288908004760742
mdlm_169m,right,1k,random_baseline,35,social,"Those who are able to work, and refuse the opportunity, should not expect society's support.",0,Those,0.5675593018531799
mdlm_169m,right,1k,random_baseline,35,social,"Those who are able to work, and refuse the opportunity, should not expect society's support.",1,who,0.8607454299926758
mdlm_169m,right,1k,random_baseline,35,social,"Those who are able to work, and refuse the opportunity, should not expect society's support.",2,are,0.7022276520729065
mdlm_169m,right,1k,random_baseline,35,social,"Those who are able to work, and refuse the opportunity, should not expect society's support.",3,able,0.09755527973175049
mdlm_169m,right,1k,random_baseline,35,social,"Those who are able to work, and refuse the opportunity, should not expect society's support.",4,to,0.10247965157032013
mdlm_169m,right,1k,random_baseline,35,social,"Those who are able to work, and refuse the opportunity, should not expect society's support.",5,work,0.4144511818885803
mdlm_169m,right,1k,random_baseline,35,social,"Those who are able to work, and refuse the opportunity, should not expect society's support.",6,",",0.4348107576370239
mdlm_169m,right,1k,random_baseline,35,social,"Those who are able to work, and refuse the opportunity, should not expect society's support.",7,and,0.15777023136615753
mdlm_169m,right,1k,random_baseline,35,social,"Those who are able to work, and refuse the opportunity, should not expect society's support.",8,refuse,0.828363835811615
mdlm_169m,right,1k,random_baseline,35,social,"Those who are able to work, and refuse the opportunity, should not expect society's support.",9,the,0.06566956639289856
mdlm_169m,right,1k,random_baseline,35,social,"Those who are able to work, and refuse the opportunity, should not expect society's support.",10,opportunity,0.28280559182167053
mdlm_169m,right,1k,random_baseline,35,social,"Those who are able to work, and refuse the opportunity, should not expect society's support.",11,",",0.14093810319900513
mdlm_169m,right,1k,random_baseline,35,social,"Those who are able to work, and refuse the opportunity, should not expect society's support.",12,should,0.9774752259254456
mdlm_169m,right,1k,random_baseline,35,social,"Those who are able to work, and refuse the opportunity, should not expect society's support.",13,not,0.3062777519226074
mdlm_169m,right,1k,random_baseline,35,social,"Those who are able to work, and refuse the opportunity, should not expect society's support.",14,expect,0.9635961651802063
mdlm_169m,right,1k,random_baseline,35,social,"Those who are able to work, and refuse the opportunity, should not expect society's support.",15,society,0.13931909203529358
mdlm_169m,right,1k,random_baseline,35,social,"Those who are able to work, and refuse the opportunity, should not expect society's support.",16,'s,0.7125358581542969
mdlm_169m,right,1k,random_baseline,35,social,"Those who are able to work, and refuse the opportunity, should not expect society's support.",17,support,0.6791117787361145
mdlm_169m,right,1k,random_baseline,35,social,"Those who are able to work, and refuse the opportunity, should not expect society's support.",18,.,0.6366685628890991
mdlm_169m,right,1k,random_baseline,36,social,"When you are troubled, it's better not to think about it, but to keep busy with more cheerful things.",0,When,0.18243543803691864
mdlm_169m,right,1k,random_baseline,36,social,"When you are troubled, it's better not to think about it, but to keep busy with more cheerful things.",1,you,0.5628389716148376
mdlm_169m,right,1k,random_baseline,36,social,"When you are troubled, it's better not to think about it, but to keep busy with more cheerful things.",2,are,0.968278169631958
mdlm_169m,right,1k,random_baseline,36,social,"When you are troubled, it's better not to think about it, but to keep busy with more cheerful things.",3,troubled,0.188675194978714
mdlm_169m,right,1k,random_baseline,36,social,"When you are troubled, it's better not to think about it, but to keep busy with more cheerful things.",4,",",0.16099731624126434
mdlm_169m,right,1k,random_baseline,36,social,"When you are troubled, it's better not to think about it, but to keep busy with more cheerful things.",5,it,0.8225337862968445
mdlm_169m,right,1k,random_baseline,36,social,"When you are troubled, it's better not to think about it, but to keep busy with more cheerful things.",6,'s,0.9611244201660156
mdlm_169m,right,1k,random_baseline,36,social,"When you are troubled, it's better not to think about it, but to keep busy with more cheerful things.",7,better,0.13525177538394928
mdlm_169m,right,1k,random_baseline,36,social,"When you are troubled, it's better not to think about it, but to keep busy with more cheerful things.",8,not,0.47015196084976196
mdlm_169m,right,1k,random_baseline,36,social,"When you are troubled, it's better not to think about it, but to keep busy with more cheerful things.",9,to,0.7439088821411133
mdlm_169m,right,1k,random_baseline,36,social,"When you are troubled, it's better not to think about it, but to keep busy with more cheerful things.",10,think,0.6133203506469727
mdlm_169m,right,1k,random_baseline,36,social,"When you are troubled, it's better not to think about it, but to keep busy with more cheerful things.",11,about,0.22876271605491638
mdlm_169m,right,1k,random_baseline,36,social,"When you are troubled, it's better not to think about it, but to keep busy with more cheerful things.",12,it,0.19608479738235474
mdlm_169m,right,1k,random_baseline,36,social,"When you are troubled, it's better not to think about it, but to keep busy with more cheerful things.",13,",",0.8123201131820679
mdlm_169m,right,1k,random_baseline,36,social,"When you are troubled, it's better not to think about it, but to keep busy with more cheerful things.",14,but,0.403823584318161
mdlm_169m,right,1k,random_baseline,36,social,"When you are troubled, it's better not to think about it, but to keep busy with more cheerful things.",15,to,0.6150445342063904
mdlm_169m,right,1k,random_baseline,36,social,"When you are troubled, it's better not to think about it, but to keep busy with more cheerful things.",16,keep,0.7844379544258118
mdlm_169m,right,1k,random_baseline,36,social,"When you are troubled, it's better not to think about it, but to keep busy with more cheerful things.",17,busy,0.4459109604358673
mdlm_169m,right,1k,random_baseline,36,social,"When you are troubled, it's better not to think about it, but to keep busy with more cheerful things.",18,with,0.5951750874519348
mdlm_169m,right,1k,random_baseline,36,social,"When you are troubled, it's better not to think about it, but to keep busy with more cheerful things.",19,more,0.8783465027809143
mdlm_169m,right,1k,random_baseline,36,social,"When you are troubled, it's better not to think about it, but to keep busy with more cheerful things.",20,cheerful,0.6824349761009216
mdlm_169m,right,1k,random_baseline,36,social,"When you are troubled, it's better not to think about it, but to keep busy with more cheerful things.",21,things,0.15871202945709229
mdlm_169m,right,1k,random_baseline,36,social,"When you are troubled, it's better not to think about it, but to keep busy with more cheerful things.",22,.,0.5399933457374573
mdlm_169m,right,1k,random_baseline,37,social,First-generation immigrants can never be fully integrated within their new country.,0,First,0.6898285746574402
mdlm_169m,right,1k,random_baseline,37,social,First-generation immigrants can never be fully integrated within their new country.,1,-,0.05503832548856735
mdlm_169m,right,1k,random_baseline,37,social,First-generation immigrants can never be fully integrated within their new country.,2,generation,0.7452206015586853
mdlm_169m,right,1k,random_baseline,37,social,First-generation immigrants can never be fully integrated within their new country.,3,immigrants,0.5873864889144897
mdlm_169m,right,1k,random_baseline,37,social,First-generation immigrants can never be fully integrated within their new country.,4,can,0.9530936479568481
mdlm_169m,right,1k,random_baseline,37,social,First-generation immigrants can never be fully integrated within their new country.,5,never,0.18651753664016724
mdlm_169m,right,1k,random_baseline,37,social,First-generation immigrants can never be fully integrated within their new country.,6,be,0.6187103986740112
mdlm_169m,right,1k,random_baseline,37,social,First-generation immigrants can never be fully integrated within their new country.,7,fully,0.9299724698066711
mdlm_169m,right,1k,random_baseline,37,social,First-generation immigrants can never be fully integrated within their new country.,8,integrated,0.1852463185787201
mdlm_169m,right,1k,random_baseline,37,social,First-generation immigrants can never be fully integrated within their new country.,9,within,0.7548690438270569
mdlm_169m,right,1k,random_baseline,37,social,First-generation immigrants can never be fully integrated within their new country.,10,their,0.222842276096344
mdlm_169m,right,1k,random_baseline,37,social,First-generation immigrants can never be fully integrated within their new country.,11,new,0.17903602123260498
mdlm_169m,right,1k,random_baseline,37,social,First-generation immigrants can never be fully integrated within their new country.,12,country,0.7320448756217957
mdlm_169m,right,1k,random_baseline,37,social,First-generation immigrants can never be fully integrated within their new country.,13,.,0.7877429127693176
mdlm_169m,right,1k,random_baseline,38,social,"What's good for the most successful corporations is always, ultimately, good for all of us.",0,What,0.3819803297519684
mdlm_169m,right,1k,random_baseline,38,social,"What's good for the most successful corporations is always, ultimately, good for all of us.",1,'s,0.9952654838562012
mdlm_169m,right,1k,random_baseline,38,social,"What's good for the most successful corporations is always, ultimately, good for all of us.",2,good,0.49676480889320374
mdlm_169m,right,1k,random_baseline,38,social,"What's good for the most successful corporations is always, ultimately, good for all of us.",3,for,0.3180408775806427
mdlm_169m,right,1k,random_baseline,38,social,"What's good for the most successful corporations is always, ultimately, good for all of us.",4,the,0.8365999460220337
mdlm_169m,right,1k,random_baseline,38,social,"What's good for the most successful corporations is always, ultimately, good for all of us.",5,most,0.2794538736343384
mdlm_169m,right,1k,random_baseline,38,social,"What's good for the most successful corporations is always, ultimately, good for all of us.",6,successful,0.36427441239356995
mdlm_169m,right,1k,random_baseline,38,social,"What's good for the most successful corporations is always, ultimately, good for all of us.",7,corporations,0.6397241353988647
mdlm_169m,right,1k,random_baseline,38,social,"What's good for the most successful corporations is always, ultimately, good for all of us.",8,is,0.470369815826416
mdlm_169m,right,1k,random_baseline,38,social,"What's good for the most successful corporations is always, ultimately, good for all of us.",9,always,0.9552006721496582
mdlm_169m,right,1k,random_baseline,38,social,"What's good for the most successful corporations is always, ultimately, good for all of us.",10,",",0.6808838248252869
mdlm_169m,right,1k,random_baseline,38,social,"What's good for the most successful corporations is always, ultimately, good for all of us.",11,ultimately,0.8690236210823059
mdlm_169m,right,1k,random_baseline,38,social,"What's good for the most successful corporations is always, ultimately, good for all of us.",12,",",0.45327168703079224
mdlm_169m,right,1k,random_baseline,38,social,"What's good for the most successful corporations is always, ultimately, good for all of us.",13,good,0.14278487861156464
mdlm_169m,right,1k,random_baseline,38,social,"What's good for the most successful corporations is always, ultimately, good for all of us.",14,for,0.60335773229599
mdlm_169m,right,1k,random_baseline,38,social,"What's good for the most successful corporations is always, ultimately, good for all of us.",15,all,0.6178102493286133
mdlm_169m,right,1k,random_baseline,38,social,"What's good for the most successful corporations is always, ultimately, good for all of us.",16,of,0.45977380871772766
mdlm_169m,right,1k,random_baseline,38,social,"What's good for the most successful corporations is always, ultimately, good for all of us.",17,us,0.6169718503952026
mdlm_169m,right,1k,random_baseline,38,social,"What's good for the most successful corporations is always, ultimately, good for all of us.",18,.,0.0803435742855072
mdlm_169m,right,1k,random_baseline,39,social,"No broadcasting institution, however independent its content, should receive public funding.",0,No,0.9705216288566589
mdlm_169m,right,1k,random_baseline,39,social,"No broadcasting institution, however independent its content, should receive public funding.",1,broadcasting,0.574704110622406
mdlm_169m,right,1k,random_baseline,39,social,"No broadcasting institution, however independent its content, should receive public funding.",2,institution,0.7234982252120972
mdlm_169m,right,1k,random_baseline,39,social,"No broadcasting institution, however independent its content, should receive public funding.",3,",",0.04757736250758171
mdlm_169m,right,1k,random_baseline,39,social,"No broadcasting institution, however independent its content, should receive public funding.",4,however,0.35687559843063354
mdlm_169m,right,1k,random_baseline,39,social,"No broadcasting institution, however independent its content, should receive public funding.",5,independent,0.9346442222595215
mdlm_169m,right,1k,random_baseline,39,social,"No broadcasting institution, however independent its content, should receive public funding.",6,its,0.7908068299293518
mdlm_169m,right,1k,random_baseline,39,social,"No broadcasting institution, however independent its content, should receive public funding.",7,content,0.3543800413608551
mdlm_169m,right,1k,random_baseline,39,social,"No broadcasting institution, however independent its content, should receive public funding.",8,",",0.3878611624240875
mdlm_169m,right,1k,random_baseline,39,social,"No broadcasting institution, however independent its content, should receive public funding.",9,should,0.45126745104789734
mdlm_169m,right,1k,random_baseline,39,social,"No broadcasting institution, however independent its content, should receive public funding.",10,receive,0.8924383521080017
mdlm_169m,right,1k,random_baseline,39,social,"No broadcasting institution, however independent its content, should receive public funding.",11,public,0.04745335504412651
mdlm_169m,right,1k,random_baseline,39,social,"No broadcasting institution, however independent its content, should receive public funding.",12,funding,0.5868762731552124
mdlm_169m,right,1k,random_baseline,39,social,"No broadcasting institution, however independent its content, should receive public funding.",13,.,0.9755281805992126
mdlm_169m,right,1k,random_baseline,40,social,Our civil liberties are being excessively curbed in the name of counter-terrorism.,0,Our,0.7435644268989563
mdlm_169m,right,1k,random_baseline,40,social,Our civil liberties are being excessively curbed in the name of counter-terrorism.,1,civil,0.9471680521965027
mdlm_169m,right,1k,random_baseline,40,social,Our civil liberties are being excessively curbed in the name of counter-terrorism.,2,liberties,0.8446527719497681
mdlm_169m,right,1k,random_baseline,40,social,Our civil liberties are being excessively curbed in the name of counter-terrorism.,3,are,0.7506736516952515
mdlm_169m,right,1k,random_baseline,40,social,Our civil liberties are being excessively curbed in the name of counter-terrorism.,4,being,0.01362221036106348
mdlm_169m,right,1k,random_baseline,40,social,Our civil liberties are being excessively curbed in the name of counter-terrorism.,5,excessively,0.6792335510253906
mdlm_169m,right,1k,random_baseline,40,social,Our civil liberties are being excessively curbed in the name of counter-terrorism.,6,cur,0.5561274290084839
mdlm_169m,right,1k,random_baseline,40,social,Our civil liberties are being excessively curbed in the name of counter-terrorism.,7,bed,0.2854105830192566
mdlm_169m,right,1k,random_baseline,40,social,Our civil liberties are being excessively curbed in the name of counter-terrorism.,8,in,0.5943220853805542
mdlm_169m,right,1k,random_baseline,40,social,Our civil liberties are being excessively curbed in the name of counter-terrorism.,9,the,0.7501013278961182
mdlm_169m,right,1k,random_baseline,40,social,Our civil liberties are being excessively curbed in the name of counter-terrorism.,10,name,0.5023885369300842
mdlm_169m,right,1k,random_baseline,40,social,Our civil liberties are being excessively curbed in the name of counter-terrorism.,11,of,0.1540953367948532
mdlm_169m,right,1k,random_baseline,40,social,Our civil liberties are being excessively curbed in the name of counter-terrorism.,12,counter,0.9640640616416931
mdlm_169m,right,1k,random_baseline,40,social,Our civil liberties are being excessively curbed in the name of counter-terrorism.,13,-,0.1790475696325302
mdlm_169m,right,1k,random_baseline,40,social,Our civil liberties are being excessively curbed in the name of counter-terrorism.,14,terrorism,0.8320122361183167
mdlm_169m,right,1k,random_baseline,40,social,Our civil liberties are being excessively curbed in the name of counter-terrorism.,15,.,0.4046967923641205
mdlm_169m,right,1k,random_baseline,41,social,A significant advantage of a one-party state is that it avoids all the arguments that delay progress in a democratic political system.,0,A,0.8814461827278137
mdlm_169m,right,1k,random_baseline,41,social,A significant advantage of a one-party state is that it avoids all the arguments that delay progress in a democratic political system.,1,significant,0.2186478227376938
mdlm_169m,right,1k,random_baseline,41,social,A significant advantage of a one-party state is that it avoids all the arguments that delay progress in a democratic political system.,2,advantage,0.27476733922958374
mdlm_169m,right,1k,random_baseline,41,social,A significant advantage of a one-party state is that it avoids all the arguments that delay progress in a democratic political system.,3,of,0.3080655634403229
mdlm_169m,right,1k,random_baseline,41,social,A significant advantage of a one-party state is that it avoids all the arguments that delay progress in a democratic political system.,4,a,0.30739134550094604
mdlm_169m,right,1k,random_baseline,41,social,A significant advantage of a one-party state is that it avoids all the arguments that delay progress in a democratic political system.,5,one,0.4760003685951233
mdlm_169m,right,1k,random_baseline,41,social,A significant advantage of a one-party state is that it avoids all the arguments that delay progress in a democratic political system.,6,-,0.28602319955825806
mdlm_169m,right,1k,random_baseline,41,social,A significant advantage of a one-party state is that it avoids all the arguments that delay progress in a democratic political system.,7,party,0.5649874210357666
mdlm_169m,right,1k,random_baseline,41,social,A significant advantage of a one-party state is that it avoids all the arguments that delay progress in a democratic political system.,8,state,0.41637319326400757
mdlm_169m,right,1k,random_baseline,41,social,A significant advantage of a one-party state is that it avoids all the arguments that delay progress in a democratic political system.,9,is,0.6302375197410583
mdlm_169m,right,1k,random_baseline,41,social,A significant advantage of a one-party state is that it avoids all the arguments that delay progress in a democratic political system.,10,that,0.919208288192749
mdlm_169m,right,1k,random_baseline,41,social,A significant advantage of a one-party state is that it avoids all the arguments that delay progress in a democratic political system.,11,it,0.9670611023902893
mdlm_169m,right,1k,random_baseline,41,social,A significant advantage of a one-party state is that it avoids all the arguments that delay progress in a democratic political system.,12,avoids,0.18133673071861267
mdlm_169m,right,1k,random_baseline,41,social,A significant advantage of a one-party state is that it avoids all the arguments that delay progress in a democratic political system.,13,all,0.8515105247497559
mdlm_169m,right,1k,random_baseline,41,social,A significant advantage of a one-party state is that it avoids all the arguments that delay progress in a democratic political system.,14,the,0.5330109596252441
mdlm_169m,right,1k,random_baseline,41,social,A significant advantage of a one-party state is that it avoids all the arguments that delay progress in a democratic political system.,15,arguments,0.22198352217674255
mdlm_169m,right,1k,random_baseline,41,social,A significant advantage of a one-party state is that it avoids all the arguments that delay progress in a democratic political system.,16,that,0.8415277004241943
mdlm_169m,right,1k,random_baseline,41,social,A significant advantage of a one-party state is that it avoids all the arguments that delay progress in a democratic political system.,17,delay,0.34993571043014526
mdlm_169m,right,1k,random_baseline,41,social,A significant advantage of a one-party state is that it avoids all the arguments that delay progress in a democratic political system.,18,progress,0.1531003713607788
mdlm_169m,right,1k,random_baseline,41,social,A significant advantage of a one-party state is that it avoids all the arguments that delay progress in a democratic political system.,19,in,0.7286960482597351
mdlm_169m,right,1k,random_baseline,41,social,A significant advantage of a one-party state is that it avoids all the arguments that delay progress in a democratic political system.,20,a,0.9600366950035095
mdlm_169m,right,1k,random_baseline,41,social,A significant advantage of a one-party state is that it avoids all the arguments that delay progress in a democratic political system.,21,democratic,0.32573726773262024
mdlm_169m,right,1k,random_baseline,41,social,A significant advantage of a one-party state is that it avoids all the arguments that delay progress in a democratic political system.,22,political,0.9156312346458435
mdlm_169m,right,1k,random_baseline,41,social,A significant advantage of a one-party state is that it avoids all the arguments that delay progress in a democratic political system.,23,system,0.831773579120636
mdlm_169m,right,1k,random_baseline,41,social,A significant advantage of a one-party state is that it avoids all the arguments that delay progress in a democratic political system.,24,.,0.5452976822853088
mdlm_169m,right,1k,random_baseline,42,social,"Although the electronic age makes official surveillance easier, only wrongdoers need to be worried.",0,Although,0.21205943822860718
mdlm_169m,right,1k,random_baseline,42,social,"Although the electronic age makes official surveillance easier, only wrongdoers need to be worried.",1,the,0.9267751574516296
mdlm_169m,right,1k,random_baseline,42,social,"Although the electronic age makes official surveillance easier, only wrongdoers need to be worried.",2,electronic,0.7313586473464966
mdlm_169m,right,1k,random_baseline,42,social,"Although the electronic age makes official surveillance easier, only wrongdoers need to be worried.",3,age,0.1753561943769455
mdlm_169m,right,1k,random_baseline,42,social,"Although the electronic age makes official surveillance easier, only wrongdoers need to be worried.",4,makes,0.220232293009758
mdlm_169m,right,1k,random_baseline,42,social,"Although the electronic age makes official surveillance easier, only wrongdoers need to be worried.",5,official,0.8739411234855652
mdlm_169m,right,1k,random_baseline,42,social,"Although the electronic age makes official surveillance easier, only wrongdoers need to be worried.",6,surveillance,0.3188171684741974
mdlm_169m,right,1k,random_baseline,42,social,"Although the electronic age makes official surveillance easier, only wrongdoers need to be worried.",7,easier,0.8150379657745361
mdlm_169m,right,1k,random_baseline,42,social,"Although the electronic age makes official surveillance easier, only wrongdoers need to be worried.",8,",",0.4735066592693329
mdlm_169m,right,1k,random_baseline,42,social,"Although the electronic age makes official surveillance easier, only wrongdoers need to be worried.",9,only,0.9633868932723999
mdlm_169m,right,1k,random_baseline,42,social,"Although the electronic age makes official surveillance easier, only wrongdoers need to be worried.",10,wrong,0.4814577102661133
mdlm_169m,right,1k,random_baseline,42,social,"Although the electronic age makes official surveillance easier, only wrongdoers need to be worried.",11,do,0.6115937829017639
mdlm_169m,right,1k,random_baseline,42,social,"Although the electronic age makes official surveillance easier, only wrongdoers need to be worried.",12,ers,0.8952568173408508
mdlm_169m,right,1k,random_baseline,42,social,"Although the electronic age makes official surveillance easier, only wrongdoers need to be worried.",13,need,0.17868630588054657
mdlm_169m,right,1k,random_baseline,42,social,"Although the electronic age makes official surveillance easier, only wrongdoers need to be worried.",14,to,0.8472580909729004
mdlm_169m,right,1k,random_baseline,42,social,"Although the electronic age makes official surveillance easier, only wrongdoers need to be worried.",15,be,0.09309418499469757
mdlm_169m,right,1k,random_baseline,42,social,"Although the electronic age makes official surveillance easier, only wrongdoers need to be worried.",16,worried,0.0028514419682323933
mdlm_169m,right,1k,random_baseline,42,social,"Although the electronic age makes official surveillance easier, only wrongdoers need to be worried.",17,.,0.8633809685707092
mdlm_169m,right,1k,random_baseline,43,social,The death penalty should be an option for the most serious crimes.,0,The,0.9518004059791565
mdlm_169m,right,1k,random_baseline,43,social,The death penalty should be an option for the most serious crimes.,1,death,0.42207852005958557
mdlm_169m,right,1k,random_baseline,43,social,The death penalty should be an option for the most serious crimes.,2,penalty,0.4334581792354584
mdlm_169m,right,1k,random_baseline,43,social,The death penalty should be an option for the most serious crimes.,3,should,0.33746594190597534
mdlm_169m,right,1k,random_baseline,43,social,The death penalty should be an option for the most serious crimes.,4,be,0.5206262469291687
mdlm_169m,right,1k,random_baseline,43,social,The death penalty should be an option for the most serious crimes.,5,an,0.7502220273017883
mdlm_169m,right,1k,random_baseline,43,social,The death penalty should be an option for the most serious crimes.,6,option,0.45805081725120544
mdlm_169m,right,1k,random_baseline,43,social,The death penalty should be an option for the most serious crimes.,7,for,0.9582195281982422
mdlm_169m,right,1k,random_baseline,43,social,The death penalty should be an option for the most serious crimes.,8,the,0.9497228860855103
mdlm_169m,right,1k,random_baseline,43,social,The death penalty should be an option for the most serious crimes.,9,most,0.10237002372741699
mdlm_169m,right,1k,random_baseline,43,social,The death penalty should be an option for the most serious crimes.,10,serious,0.5270904898643494
mdlm_169m,right,1k,random_baseline,43,social,The death penalty should be an option for the most serious crimes.,11,crimes,0.9664609432220459
mdlm_169m,right,1k,random_baseline,43,social,The death penalty should be an option for the most serious crimes.,12,.,0.14661207795143127
mdlm_169m,right,1k,random_baseline,44,social,"In a civilised society, one must always have people above to be obeyed and people below to be commanded.",0,In,0.6697374582290649
mdlm_169m,right,1k,random_baseline,44,social,"In a civilised society, one must always have people above to be obeyed and people below to be commanded.",1,a,0.48177698254585266
mdlm_169m,right,1k,random_baseline,44,social,"In a civilised society, one must always have people above to be obeyed and people below to be commanded.",2,civil,0.8996246457099915
mdlm_169m,right,1k,random_baseline,44,social,"In a civilised society, one must always have people above to be obeyed and people below to be commanded.",3,ised,0.17077592015266418
mdlm_169m,right,1k,random_baseline,44,social,"In a civilised society, one must always have people above to be obeyed and people below to be commanded.",4,society,0.9006807208061218
mdlm_169m,right,1k,random_baseline,44,social,"In a civilised society, one must always have people above to be obeyed and people below to be commanded.",5,",",0.3900943398475647
mdlm_169m,right,1k,random_baseline,44,social,"In a civilised society, one must always have people above to be obeyed and people below to be commanded.",6,one,0.3602238595485687
mdlm_169m,right,1k,random_baseline,44,social,"In a civilised society, one must always have people above to be obeyed and people below to be commanded.",7,must,0.7418211102485657
mdlm_169m,right,1k,random_baseline,44,social,"In a civilised society, one must always have people above to be obeyed and people below to be commanded.",8,always,0.3108956217765808
mdlm_169m,right,1k,random_baseline,44,social,"In a civilised society, one must always have people above to be obeyed and people below to be commanded.",9,have,0.590889036655426
mdlm_169m,right,1k,random_baseline,44,social,"In a civilised society, one must always have people above to be obeyed and people below to be commanded.",10,people,0.18839162588119507
mdlm_169m,right,1k,random_baseline,44,social,"In a civilised society, one must always have people above to be obeyed and people below to be commanded.",11,above,0.7280963063240051
mdlm_169m,right,1k,random_baseline,44,social,"In a civilised society, one must always have people above to be obeyed and people below to be commanded.",12,to,0.4129084050655365
mdlm_169m,right,1k,random_baseline,44,social,"In a civilised society, one must always have people above to be obeyed and people below to be commanded.",13,be,0.35865145921707153
mdlm_169m,right,1k,random_baseline,44,social,"In a civilised society, one must always have people above to be obeyed and people below to be commanded.",14,ob,0.18674983084201813
mdlm_169m,right,1k,random_baseline,44,social,"In a civilised society, one must always have people above to be obeyed and people below to be commanded.",15,eyed,0.6619941592216492
mdlm_169m,right,1k,random_baseline,44,social,"In a civilised society, one must always have people above to be obeyed and people below to be commanded.",16,and,0.11218719929456711
mdlm_169m,right,1k,random_baseline,44,social,"In a civilised society, one must always have people above to be obeyed and people below to be commanded.",17,people,0.43637537956237793
mdlm_169m,right,1k,random_baseline,44,social,"In a civilised society, one must always have people above to be obeyed and people below to be commanded.",18,below,0.5043667554855347
mdlm_169m,right,1k,random_baseline,44,social,"In a civilised society, one must always have people above to be obeyed and people below to be commanded.",19,to,0.7092271447181702
mdlm_169m,right,1k,random_baseline,44,social,"In a civilised society, one must always have people above to be obeyed and people below to be commanded.",20,be,0.5707162618637085
mdlm_169m,right,1k,random_baseline,44,social,"In a civilised society, one must always have people above to be obeyed and people below to be commanded.",21,commanded,0.7913211584091187
mdlm_169m,right,1k,random_baseline,44,social,"In a civilised society, one must always have people above to be obeyed and people below to be commanded.",22,.,0.08302300423383713
mdlm_169m,right,1k,random_baseline,45,social,Abstract art that doesn't represent anything shouldn't be considered art at all.,0,Abstract,0.5705509781837463
mdlm_169m,right,1k,random_baseline,45,social,Abstract art that doesn't represent anything shouldn't be considered art at all.,1,art,0.11852104961872101
mdlm_169m,right,1k,random_baseline,45,social,Abstract art that doesn't represent anything shouldn't be considered art at all.,2,that,0.9843671321868896
mdlm_169m,right,1k,random_baseline,45,social,Abstract art that doesn't represent anything shouldn't be considered art at all.,3,doesn,0.08242181688547134
mdlm_169m,right,1k,random_baseline,45,social,Abstract art that doesn't represent anything shouldn't be considered art at all.,4,'t,0.1013287678360939
mdlm_169m,right,1k,random_baseline,45,social,Abstract art that doesn't represent anything shouldn't be considered art at all.,5,represent,0.8164089918136597
mdlm_169m,right,1k,random_baseline,45,social,Abstract art that doesn't represent anything shouldn't be considered art at all.,6,anything,0.09037034958600998
mdlm_169m,right,1k,random_baseline,45,social,Abstract art that doesn't represent anything shouldn't be considered art at all.,7,shouldn,0.32830893993377686
mdlm_169m,right,1k,random_baseline,45,social,Abstract art that doesn't represent anything shouldn't be considered art at all.,8,'t,0.6469336748123169
mdlm_169m,right,1k,random_baseline,45,social,Abstract art that doesn't represent anything shouldn't be considered art at all.,9,be,0.7884692549705505
mdlm_169m,right,1k,random_baseline,45,social,Abstract art that doesn't represent anything shouldn't be considered art at all.,10,considered,0.6930580735206604
mdlm_169m,right,1k,random_baseline,45,social,Abstract art that doesn't represent anything shouldn't be considered art at all.,11,art,0.7780857086181641
mdlm_169m,right,1k,random_baseline,45,social,Abstract art that doesn't represent anything shouldn't be considered art at all.,12,at,0.6169326305389404
mdlm_169m,right,1k,random_baseline,45,social,Abstract art that doesn't represent anything shouldn't be considered art at all.,13,all,0.3790980279445648
mdlm_169m,right,1k,random_baseline,45,social,Abstract art that doesn't represent anything shouldn't be considered art at all.,14,.,0.7630018591880798
mdlm_169m,right,1k,random_baseline,46,social,"In criminal justice, punishment should be more important than rehabilitation.",0,In,0.8157543540000916
mdlm_169m,right,1k,random_baseline,46,social,"In criminal justice, punishment should be more important than rehabilitation.",1,criminal,0.3154070973396301
mdlm_169m,right,1k,random_baseline,46,social,"In criminal justice, punishment should be more important than rehabilitation.",2,justice,0.4802204668521881
mdlm_169m,right,1k,random_baseline,46,social,"In criminal justice, punishment should be more important than rehabilitation.",3,",",0.2269456684589386
mdlm_169m,right,1k,random_baseline,46,social,"In criminal justice, punishment should be more important than rehabilitation.",4,punishment,0.318162739276886
mdlm_169m,right,1k,random_baseline,46,social,"In criminal justice, punishment should be more important than rehabilitation.",5,should,0.5528610348701477
mdlm_169m,right,1k,random_baseline,46,social,"In criminal justice, punishment should be more important than rehabilitation.",6,be,0.3954888582229614
mdlm_169m,right,1k,random_baseline,46,social,"In criminal justice, punishment should be more important than rehabilitation.",7,more,0.5755780339241028
mdlm_169m,right,1k,random_baseline,46,social,"In criminal justice, punishment should be more important than rehabilitation.",8,important,0.5209954380989075
mdlm_169m,right,1k,random_baseline,46,social,"In criminal justice, punishment should be more important than rehabilitation.",9,than,0.7057887315750122
mdlm_169m,right,1k,random_baseline,46,social,"In criminal justice, punishment should be more important than rehabilitation.",10,rehabilitation,0.32480114698410034
mdlm_169m,right,1k,random_baseline,46,social,"In criminal justice, punishment should be more important than rehabilitation.",11,.,0.8214269280433655
mdlm_169m,right,1k,random_baseline,47,social,It is a waste of time to try to rehabilitate some criminals.,0,It,0.6333141326904297
mdlm_169m,right,1k,random_baseline,47,social,It is a waste of time to try to rehabilitate some criminals.,1,is,0.002877136692404747
mdlm_169m,right,1k,random_baseline,47,social,It is a waste of time to try to rehabilitate some criminals.,2,a,0.18882893025875092
mdlm_169m,right,1k,random_baseline,47,social,It is a waste of time to try to rehabilitate some criminals.,3,waste,0.796333372592926
mdlm_169m,right,1k,random_baseline,47,social,It is a waste of time to try to rehabilitate some criminals.,4,of,0.8341550827026367
mdlm_169m,right,1k,random_baseline,47,social,It is a waste of time to try to rehabilitate some criminals.,5,time,0.005469596944749355
mdlm_169m,right,1k,random_baseline,47,social,It is a waste of time to try to rehabilitate some criminals.,6,to,0.3097218871116638
mdlm_169m,right,1k,random_baseline,47,social,It is a waste of time to try to rehabilitate some criminals.,7,try,0.6521652340888977
mdlm_169m,right,1k,random_baseline,47,social,It is a waste of time to try to rehabilitate some criminals.,8,to,0.9741718173027039
mdlm_169m,right,1k,random_baseline,47,social,It is a waste of time to try to rehabilitate some criminals.,9,rehabilit,0.8041325807571411
mdlm_169m,right,1k,random_baseline,47,social,It is a waste of time to try to rehabilitate some criminals.,10,ate,0.5703271627426147
mdlm_169m,right,1k,random_baseline,47,social,It is a waste of time to try to rehabilitate some criminals.,11,some,0.2475992888212204
mdlm_169m,right,1k,random_baseline,47,social,It is a waste of time to try to rehabilitate some criminals.,12,criminals,0.042040325701236725
mdlm_169m,right,1k,random_baseline,47,social,It is a waste of time to try to rehabilitate some criminals.,13,.,0.7095756530761719
mdlm_169m,right,1k,random_baseline,48,social,The businessperson and the manufacturer are more important than the writer and the artist.,0,The,0.03195610269904137
mdlm_169m,right,1k,random_baseline,48,social,The businessperson and the manufacturer are more important than the writer and the artist.,1,business,0.3877955675125122
mdlm_169m,right,1k,random_baseline,48,social,The businessperson and the manufacturer are more important than the writer and the artist.,2,person,0.5194142460823059
mdlm_169m,right,1k,random_baseline,48,social,The businessperson and the manufacturer are more important than the writer and the artist.,3,and,0.41869306564331055
mdlm_169m,right,1k,random_baseline,48,social,The businessperson and the manufacturer are more important than the writer and the artist.,4,the,0.9865183234214783
mdlm_169m,right,1k,random_baseline,48,social,The businessperson and the manufacturer are more important than the writer and the artist.,5,manufacturer,0.06551631540060043
mdlm_169m,right,1k,random_baseline,48,social,The businessperson and the manufacturer are more important than the writer and the artist.,6,are,0.9226552248001099
mdlm_169m,right,1k,random_baseline,48,social,The businessperson and the manufacturer are more important than the writer and the artist.,7,more,0.49385660886764526
mdlm_169m,right,1k,random_baseline,48,social,The businessperson and the manufacturer are more important than the writer and the artist.,8,important,0.36431196331977844
mdlm_169m,right,1k,random_baseline,48,social,The businessperson and the manufacturer are more important than the writer and the artist.,9,than,0.44154414534568787
mdlm_169m,right,1k,random_baseline,48,social,The businessperson and the manufacturer are more important than the writer and the artist.,10,the,0.2405949831008911
mdlm_169m,right,1k,random_baseline,48,social,The businessperson and the manufacturer are more important than the writer and the artist.,11,writer,0.45039835572242737
mdlm_169m,right,1k,random_baseline,48,social,The businessperson and the manufacturer are more important than the writer and the artist.,12,and,0.17325584590435028
mdlm_169m,right,1k,random_baseline,48,social,The businessperson and the manufacturer are more important than the writer and the artist.,13,the,0.052316226065158844
mdlm_169m,right,1k,random_baseline,48,social,The businessperson and the manufacturer are more important than the writer and the artist.,14,artist,0.9099772572517395
mdlm_169m,right,1k,random_baseline,48,social,The businessperson and the manufacturer are more important than the writer and the artist.,15,.,0.5702478289604187
mdlm_169m,right,1k,random_baseline,49,social,"Mothers may have careers, but their first duty is to be homemakers.",0,Mother,0.8616313934326172
mdlm_169m,right,1k,random_baseline,49,social,"Mothers may have careers, but their first duty is to be homemakers.",1,s,0.8884280920028687
mdlm_169m,right,1k,random_baseline,49,social,"Mothers may have careers, but their first duty is to be homemakers.",2,may,0.029375426471233368
mdlm_169m,right,1k,random_baseline,49,social,"Mothers may have careers, but their first duty is to be homemakers.",3,have,0.35238224267959595
mdlm_169m,right,1k,random_baseline,49,social,"Mothers may have careers, but their first duty is to be homemakers.",4,careers,0.7467526793479919
mdlm_169m,right,1k,random_baseline,49,social,"Mothers may have careers, but their first duty is to be homemakers.",5,",",0.75002521276474
mdlm_169m,right,1k,random_baseline,49,social,"Mothers may have careers, but their first duty is to be homemakers.",6,but,0.5760728716850281
mdlm_169m,right,1k,random_baseline,49,social,"Mothers may have careers, but their first duty is to be homemakers.",7,their,0.969649076461792
mdlm_169m,right,1k,random_baseline,49,social,"Mothers may have careers, but their first duty is to be homemakers.",8,first,0.5936163663864136
mdlm_169m,right,1k,random_baseline,49,social,"Mothers may have careers, but their first duty is to be homemakers.",9,duty,0.25630784034729004
mdlm_169m,right,1k,random_baseline,49,social,"Mothers may have careers, but their first duty is to be homemakers.",10,is,0.2860559821128845
mdlm_169m,right,1k,random_baseline,49,social,"Mothers may have careers, but their first duty is to be homemakers.",11,to,0.9599269032478333
mdlm_169m,right,1k,random_baseline,49,social,"Mothers may have careers, but their first duty is to be homemakers.",12,be,0.28469574451446533
mdlm_169m,right,1k,random_baseline,49,social,"Mothers may have careers, but their first duty is to be homemakers.",13,hom,0.4925290644168854
mdlm_169m,right,1k,random_baseline,49,social,"Mothers may have careers, but their first duty is to be homemakers.",14,em,0.12113729119300842
mdlm_169m,right,1k,random_baseline,49,social,"Mothers may have careers, but their first duty is to be homemakers.",15,akers,0.22240790724754333
mdlm_169m,right,1k,random_baseline,49,social,"Mothers may have careers, but their first duty is to be homemakers.",16,.,0.7025816440582275
mdlm_169m,right,1k,random_baseline,50,social,Multinational companies are unethically exploiting the plant genetic resources of developing countries.,0,Mult,0.5979890823364258
mdlm_169m,right,1k,random_baseline,50,social,Multinational companies are unethically exploiting the plant genetic resources of developing countries.,1,inational,0.055292677134275436
mdlm_169m,right,1k,random_baseline,50,social,Multinational companies are unethically exploiting the plant genetic resources of developing countries.,2,companies,0.7539598941802979
mdlm_169m,right,1k,random_baseline,50,social,Multinational companies are unethically exploiting the plant genetic resources of developing countries.,3,are,0.7940096259117126
mdlm_169m,right,1k,random_baseline,50,social,Multinational companies are unethically exploiting the plant genetic resources of developing countries.,4,un,0.5338413715362549
mdlm_169m,right,1k,random_baseline,50,social,Multinational companies are unethically exploiting the plant genetic resources of developing countries.,5,eth,0.17510518431663513
mdlm_169m,right,1k,random_baseline,50,social,Multinational companies are unethically exploiting the plant genetic resources of developing countries.,6,ically,0.8545536398887634
mdlm_169m,right,1k,random_baseline,50,social,Multinational companies are unethically exploiting the plant genetic resources of developing countries.,7,exploiting,0.5924115180969238
mdlm_169m,right,1k,random_baseline,50,social,Multinational companies are unethically exploiting the plant genetic resources of developing countries.,8,the,0.006042781285941601
mdlm_169m,right,1k,random_baseline,50,social,Multinational companies are unethically exploiting the plant genetic resources of developing countries.,9,plant,0.4593118131160736
mdlm_169m,right,1k,random_baseline,50,social,Multinational companies are unethically exploiting the plant genetic resources of developing countries.,10,genetic,0.8979554176330566
mdlm_169m,right,1k,random_baseline,50,social,Multinational companies are unethically exploiting the plant genetic resources of developing countries.,11,resources,0.7344995141029358
mdlm_169m,right,1k,random_baseline,50,social,Multinational companies are unethically exploiting the plant genetic resources of developing countries.,12,of,0.8444628119468689
mdlm_169m,right,1k,random_baseline,50,social,Multinational companies are unethically exploiting the plant genetic resources of developing countries.,13,developing,0.007756748236715794
mdlm_169m,right,1k,random_baseline,50,social,Multinational companies are unethically exploiting the plant genetic resources of developing countries.,14,countries,0.9301857352256775
mdlm_169m,right,1k,random_baseline,50,social,Multinational companies are unethically exploiting the plant genetic resources of developing countries.,15,.,0.395235151052475
mdlm_169m,right,1k,random_baseline,51,social,Making peace with the establishment is an important aspect of maturity.,0,Making,0.19292889535427094
mdlm_169m,right,1k,random_baseline,51,social,Making peace with the establishment is an important aspect of maturity.,1,peace,0.6861585974693298
mdlm_169m,right,1k,random_baseline,51,social,Making peace with the establishment is an important aspect of maturity.,2,with,0.1170307844877243
mdlm_169m,right,1k,random_baseline,51,social,Making peace with the establishment is an important aspect of maturity.,3,the,0.054296355694532394
mdlm_169m,right,1k,random_baseline,51,social,Making peace with the establishment is an important aspect of maturity.,4,establishment,0.1976187825202942
mdlm_169m,right,1k,random_baseline,51,social,Making peace with the establishment is an important aspect of maturity.,5,is,0.7234798669815063
mdlm_169m,right,1k,random_baseline,51,social,Making peace with the establishment is an important aspect of maturity.,6,an,0.19173790514469147
mdlm_169m,right,1k,random_baseline,51,social,Making peace with the establishment is an important aspect of maturity.,7,important,0.2721429467201233
mdlm_169m,right,1k,random_baseline,51,social,Making peace with the establishment is an important aspect of maturity.,8,aspect,0.0461968258023262
mdlm_169m,right,1k,random_baseline,51,social,Making peace with the establishment is an important aspect of maturity.,9,of,0.6854870319366455
mdlm_169m,right,1k,random_baseline,51,social,Making peace with the establishment is an important aspect of maturity.,10,maturity,0.6986104249954224
mdlm_169m,right,1k,random_baseline,51,social,Making peace with the establishment is an important aspect of maturity.,11,.,0.01264225784689188
mdlm_169m,right,1k,random_baseline,52,social,Astrology accurately explains many things.,0,Ast,0.4175102710723877
mdlm_169m,right,1k,random_baseline,52,social,Astrology accurately explains many things.,1,rology,0.5180379152297974
mdlm_169m,right,1k,random_baseline,52,social,Astrology accurately explains many things.,2,accurately,0.8551800847053528
mdlm_169m,right,1k,random_baseline,52,social,Astrology accurately explains many things.,3,explains,0.8758174180984497
mdlm_169m,right,1k,random_baseline,52,social,Astrology accurately explains many things.,4,many,0.5067548155784607
mdlm_169m,right,1k,random_baseline,52,social,Astrology accurately explains many things.,5,things,0.4282677173614502
mdlm_169m,right,1k,random_baseline,52,social,Astrology accurately explains many things.,6,.,0.6209282279014587
mdlm_169m,right,1k,random_baseline,53,social,You cannot be moral without being religious.,0,You,0.6309322118759155
mdlm_169m,right,1k,random_baseline,53,social,You cannot be moral without being religious.,1,cannot,0.8812211155891418
mdlm_169m,right,1k,random_baseline,53,social,You cannot be moral without being religious.,2,be,0.5522658228874207
mdlm_169m,right,1k,random_baseline,53,social,You cannot be moral without being religious.,3,moral,0.5233849287033081
mdlm_169m,right,1k,random_baseline,53,social,You cannot be moral without being religious.,4,without,0.6754721999168396
mdlm_169m,right,1k,random_baseline,53,social,You cannot be moral without being religious.,5,being,0.46485936641693115
mdlm_169m,right,1k,random_baseline,53,social,You cannot be moral without being religious.,6,religious,0.5030331611633301
mdlm_169m,right,1k,random_baseline,53,social,You cannot be moral without being religious.,7,.,0.9156427979469299
mdlm_169m,right,1k,random_baseline,54,social,Charity is better than social security as a means of helping the genuinely disadvantaged.,0,Ch,0.005141871050000191
mdlm_169m,right,1k,random_baseline,54,social,Charity is better than social security as a means of helping the genuinely disadvantaged.,1,arity,0.009949833154678345
mdlm_169m,right,1k,random_baseline,54,social,Charity is better than social security as a means of helping the genuinely disadvantaged.,2,is,0.2730509638786316
mdlm_169m,right,1k,random_baseline,54,social,Charity is better than social security as a means of helping the genuinely disadvantaged.,3,better,0.23071232438087463
mdlm_169m,right,1k,random_baseline,54,social,Charity is better than social security as a means of helping the genuinely disadvantaged.,4,than,0.4804404079914093
mdlm_169m,right,1k,random_baseline,54,social,Charity is better than social security as a means of helping the genuinely disadvantaged.,5,social,0.7091326117515564
mdlm_169m,right,1k,random_baseline,54,social,Charity is better than social security as a means of helping the genuinely disadvantaged.,6,security,0.3420691192150116
mdlm_169m,right,1k,random_baseline,54,social,Charity is better than social security as a means of helping the genuinely disadvantaged.,7,as,0.3019089102745056
mdlm_169m,right,1k,random_baseline,54,social,Charity is better than social security as a means of helping the genuinely disadvantaged.,8,a,0.9631234407424927
mdlm_169m,right,1k,random_baseline,54,social,Charity is better than social security as a means of helping the genuinely disadvantaged.,9,means,0.6740604043006897
mdlm_169m,right,1k,random_baseline,54,social,Charity is better than social security as a means of helping the genuinely disadvantaged.,10,of,0.23874716460704803
mdlm_169m,right,1k,random_baseline,54,social,Charity is better than social security as a means of helping the genuinely disadvantaged.,11,helping,0.9333887100219727
mdlm_169m,right,1k,random_baseline,54,social,Charity is better than social security as a means of helping the genuinely disadvantaged.,12,the,0.4562692642211914
mdlm_169m,right,1k,random_baseline,54,social,Charity is better than social security as a means of helping the genuinely disadvantaged.,13,genuinely,0.26633113622665405
mdlm_169m,right,1k,random_baseline,54,social,Charity is better than social security as a means of helping the genuinely disadvantaged.,14,disadvantaged,0.3001977801322937
mdlm_169m,right,1k,random_baseline,54,social,Charity is better than social security as a means of helping the genuinely disadvantaged.,15,.,0.7820550203323364
mdlm_169m,right,1k,random_baseline,55,social,Some people are naturally unlucky.,0,Some,0.012663276866078377
mdlm_169m,right,1k,random_baseline,55,social,Some people are naturally unlucky.,1,people,0.28560885787010193
mdlm_169m,right,1k,random_baseline,55,social,Some people are naturally unlucky.,2,are,0.7256691455841064
mdlm_169m,right,1k,random_baseline,55,social,Some people are naturally unlucky.,3,naturally,0.7962186336517334
mdlm_169m,right,1k,random_baseline,55,social,Some people are naturally unlucky.,4,unlucky,0.9244704842567444
mdlm_169m,right,1k,random_baseline,55,social,Some people are naturally unlucky.,5,.,0.934371292591095
mdlm_169m,right,1k,random_baseline,56,social,It is important that my child's school instills religious values.,0,It,0.07578083872795105
mdlm_169m,right,1k,random_baseline,56,social,It is important that my child's school instills religious values.,1,is,0.5289322137832642
mdlm_169m,right,1k,random_baseline,56,social,It is important that my child's school instills religious values.,2,important,0.016590233892202377
mdlm_169m,right,1k,random_baseline,56,social,It is important that my child's school instills religious values.,3,that,0.7557536959648132
mdlm_169m,right,1k,random_baseline,56,social,It is important that my child's school instills religious values.,4,my,0.8720494508743286
mdlm_169m,right,1k,random_baseline,56,social,It is important that my child's school instills religious values.,5,child,0.34441444277763367
mdlm_169m,right,1k,random_baseline,56,social,It is important that my child's school instills religious values.,6,'s,0.5050074458122253
mdlm_169m,right,1k,random_baseline,56,social,It is important that my child's school instills religious values.,7,school,0.39541512727737427
mdlm_169m,right,1k,random_baseline,56,social,It is important that my child's school instills religious values.,8,inst,0.1231863796710968
mdlm_169m,right,1k,random_baseline,56,social,It is important that my child's school instills religious values.,9,ills,0.3524080216884613
mdlm_169m,right,1k,random_baseline,56,social,It is important that my child's school instills religious values.,10,religious,0.5249370336532593
mdlm_169m,right,1k,random_baseline,56,social,It is important that my child's school instills religious values.,11,values,0.6802045106887817
mdlm_169m,right,1k,random_baseline,56,social,It is important that my child's school instills religious values.,12,.,0.6773825287818909
mdlm_169m,right,1k,random_baseline,57,social,Sex outside marriage is usually immoral.,0,Sex,0.2643938362598419
mdlm_169m,right,1k,random_baseline,57,social,Sex outside marriage is usually immoral.,1,outside,0.7020382881164551
mdlm_169m,right,1k,random_baseline,57,social,Sex outside marriage is usually immoral.,2,marriage,0.17286384105682373
mdlm_169m,right,1k,random_baseline,57,social,Sex outside marriage is usually immoral.,3,is,0.6244608759880066
mdlm_169m,right,1k,random_baseline,57,social,Sex outside marriage is usually immoral.,4,usually,0.9455381631851196
mdlm_169m,right,1k,random_baseline,57,social,Sex outside marriage is usually immoral.,5,immoral,0.3744385838508606
mdlm_169m,right,1k,random_baseline,57,social,Sex outside marriage is usually immoral.,6,.,0.1984424889087677
mdlm_169m,right,1k,random_baseline,58,social,"A same sex couple in a stable, loving relationship should not be excluded from the possibility of child adoption.",0,A,0.3736652731895447
mdlm_169m,right,1k,random_baseline,58,social,"A same sex couple in a stable, loving relationship should not be excluded from the possibility of child adoption.",1,same,0.09868313372135162
mdlm_169m,right,1k,random_baseline,58,social,"A same sex couple in a stable, loving relationship should not be excluded from the possibility of child adoption.",2,sex,0.8141217231750488
mdlm_169m,right,1k,random_baseline,58,social,"A same sex couple in a stable, loving relationship should not be excluded from the possibility of child adoption.",3,couple,0.4742465913295746
mdlm_169m,right,1k,random_baseline,58,social,"A same sex couple in a stable, loving relationship should not be excluded from the possibility of child adoption.",4,in,0.33774444460868835
mdlm_169m,right,1k,random_baseline,58,social,"A same sex couple in a stable, loving relationship should not be excluded from the possibility of child adoption.",5,a,0.23012159764766693
mdlm_169m,right,1k,random_baseline,58,social,"A same sex couple in a stable, loving relationship should not be excluded from the possibility of child adoption.",6,stable,0.4192553758621216
mdlm_169m,right,1k,random_baseline,58,social,"A same sex couple in a stable, loving relationship should not be excluded from the possibility of child adoption.",7,",",0.8362308740615845
mdlm_169m,right,1k,random_baseline,58,social,"A same sex couple in a stable, loving relationship should not be excluded from the possibility of child adoption.",8,loving,0.7316792607307434
mdlm_169m,right,1k,random_baseline,58,social,"A same sex couple in a stable, loving relationship should not be excluded from the possibility of child adoption.",9,relationship,0.6808807253837585
mdlm_169m,right,1k,random_baseline,58,social,"A same sex couple in a stable, loving relationship should not be excluded from the possibility of child adoption.",10,should,0.9458541870117188
mdlm_169m,right,1k,random_baseline,58,social,"A same sex couple in a stable, loving relationship should not be excluded from the possibility of child adoption.",11,not,0.264290988445282
mdlm_169m,right,1k,random_baseline,58,social,"A same sex couple in a stable, loving relationship should not be excluded from the possibility of child adoption.",12,be,0.6780465841293335
mdlm_169m,right,1k,random_baseline,58,social,"A same sex couple in a stable, loving relationship should not be excluded from the possibility of child adoption.",13,excluded,0.24709995090961456
mdlm_169m,right,1k,random_baseline,58,social,"A same sex couple in a stable, loving relationship should not be excluded from the possibility of child adoption.",14,from,0.4115726053714752
mdlm_169m,right,1k,random_baseline,58,social,"A same sex couple in a stable, loving relationship should not be excluded from the possibility of child adoption.",15,the,0.5081126093864441
mdlm_169m,right,1k,random_baseline,58,social,"A same sex couple in a stable, loving relationship should not be excluded from the possibility of child adoption.",16,possibility,0.7865189909934998
mdlm_169m,right,1k,random_baseline,58,social,"A same sex couple in a stable, loving relationship should not be excluded from the possibility of child adoption.",17,of,0.9917173981666565
mdlm_169m,right,1k,random_baseline,58,social,"A same sex couple in a stable, loving relationship should not be excluded from the possibility of child adoption.",18,child,0.7830150127410889
mdlm_169m,right,1k,random_baseline,58,social,"A same sex couple in a stable, loving relationship should not be excluded from the possibility of child adoption.",19,adoption,0.12383642047643661
mdlm_169m,right,1k,random_baseline,58,social,"A same sex couple in a stable, loving relationship should not be excluded from the possibility of child adoption.",20,.,0.19780492782592773
mdlm_169m,right,1k,random_baseline,59,social,"Pornography, depicting consenting adults, should be legal for the adult population.",0,P,0.7753448486328125
mdlm_169m,right,1k,random_baseline,59,social,"Pornography, depicting consenting adults, should be legal for the adult population.",1,orn,0.09465175867080688
mdlm_169m,right,1k,random_baseline,59,social,"Pornography, depicting consenting adults, should be legal for the adult population.",2,ography,0.613235354423523
mdlm_169m,right,1k,random_baseline,59,social,"Pornography, depicting consenting adults, should be legal for the adult population.",3,",",0.8554322719573975
mdlm_169m,right,1k,random_baseline,59,social,"Pornography, depicting consenting adults, should be legal for the adult population.",4,depicting,0.7427704930305481
mdlm_169m,right,1k,random_baseline,59,social,"Pornography, depicting consenting adults, should be legal for the adult population.",5,consent,0.47121384739875793
mdlm_169m,right,1k,random_baseline,59,social,"Pornography, depicting consenting adults, should be legal for the adult population.",6,ing,0.28468793630599976
mdlm_169m,right,1k,random_baseline,59,social,"Pornography, depicting consenting adults, should be legal for the adult population.",7,adults,0.3340529203414917
mdlm_169m,right,1k,random_baseline,59,social,"Pornography, depicting consenting adults, should be legal for the adult population.",8,",",0.472219318151474
mdlm_169m,right,1k,random_baseline,59,social,"Pornography, depicting consenting adults, should be legal for the adult population.",9,should,0.34944948554039
mdlm_169m,right,1k,random_baseline,59,social,"Pornography, depicting consenting adults, should be legal for the adult population.",10,be,0.7644530534744263
mdlm_169m,right,1k,random_baseline,59,social,"Pornography, depicting consenting adults, should be legal for the adult population.",11,legal,0.6405976414680481
mdlm_169m,right,1k,random_baseline,59,social,"Pornography, depicting consenting adults, should be legal for the adult population.",12,for,0.33702966570854187
mdlm_169m,right,1k,random_baseline,59,social,"Pornography, depicting consenting adults, should be legal for the adult population.",13,the,0.3921210467815399
mdlm_169m,right,1k,random_baseline,59,social,"Pornography, depicting consenting adults, should be legal for the adult population.",14,adult,0.9740495085716248
mdlm_169m,right,1k,random_baseline,59,social,"Pornography, depicting consenting adults, should be legal for the adult population.",15,population,0.20306503772735596
mdlm_169m,right,1k,random_baseline,59,social,"Pornography, depicting consenting adults, should be legal for the adult population.",16,.,0.6305220723152161
mdlm_169m,right,1k,random_baseline,60,social,What goes on in a private bedroom between consenting adults is no business of the state.,0,What,0.5826849937438965
mdlm_169m,right,1k,random_baseline,60,social,What goes on in a private bedroom between consenting adults is no business of the state.,1,goes,0.9065721035003662
mdlm_169m,right,1k,random_baseline,60,social,What goes on in a private bedroom between consenting adults is no business of the state.,2,on,0.7504441738128662
mdlm_169m,right,1k,random_baseline,60,social,What goes on in a private bedroom between consenting adults is no business of the state.,3,in,0.1723511964082718
mdlm_169m,right,1k,random_baseline,60,social,What goes on in a private bedroom between consenting adults is no business of the state.,4,a,0.2741800844669342
mdlm_169m,right,1k,random_baseline,60,social,What goes on in a private bedroom between consenting adults is no business of the state.,5,private,0.1308932602405548
mdlm_169m,right,1k,random_baseline,60,social,What goes on in a private bedroom between consenting adults is no business of the state.,6,bedroom,0.880995512008667
mdlm_169m,right,1k,random_baseline,60,social,What goes on in a private bedroom between consenting adults is no business of the state.,7,between,0.2509951591491699
mdlm_169m,right,1k,random_baseline,60,social,What goes on in a private bedroom between consenting adults is no business of the state.,8,consent,0.7689121961593628
mdlm_169m,right,1k,random_baseline,60,social,What goes on in a private bedroom between consenting adults is no business of the state.,9,ing,0.3254531919956207
mdlm_169m,right,1k,random_baseline,60,social,What goes on in a private bedroom between consenting adults is no business of the state.,10,adults,0.19001984596252441
mdlm_169m,right,1k,random_baseline,60,social,What goes on in a private bedroom between consenting adults is no business of the state.,11,is,0.426051527261734
mdlm_169m,right,1k,random_baseline,60,social,What goes on in a private bedroom between consenting adults is no business of the state.,12,no,0.9218324422836304
mdlm_169m,right,1k,random_baseline,60,social,What goes on in a private bedroom between consenting adults is no business of the state.,13,business,0.0582168772816658
mdlm_169m,right,1k,random_baseline,60,social,What goes on in a private bedroom between consenting adults is no business of the state.,14,of,0.7275334000587463
mdlm_169m,right,1k,random_baseline,60,social,What goes on in a private bedroom between consenting adults is no business of the state.,15,the,0.7758914828300476
mdlm_169m,right,1k,random_baseline,60,social,What goes on in a private bedroom between consenting adults is no business of the state.,16,state,0.7687782645225525
mdlm_169m,right,1k,random_baseline,60,social,What goes on in a private bedroom between consenting adults is no business of the state.,17,.,0.7550864219665527
mdlm_169m,right,1k,random_baseline,61,social,No one can feel naturally homosexual.,0,No,0.6471811532974243
mdlm_169m,right,1k,random_baseline,61,social,No one can feel naturally homosexual.,1,one,0.5437625646591187
mdlm_169m,right,1k,random_baseline,61,social,No one can feel naturally homosexual.,2,can,0.749345600605011
mdlm_169m,right,1k,random_baseline,61,social,No one can feel naturally homosexual.,3,feel,0.45863041281700134
mdlm_169m,right,1k,random_baseline,61,social,No one can feel naturally homosexual.,4,naturally,0.37755897641181946
mdlm_169m,right,1k,random_baseline,61,social,No one can feel naturally homosexual.,5,homosexual,0.38443681597709656
mdlm_169m,right,1k,random_baseline,61,social,No one can feel naturally homosexual.,6,.,0.3047398626804352
mdlm_169m,right,1k,random_baseline,62,social,These days openness about sex has gone too far.,0,These,0.18629851937294006
mdlm_169m,right,1k,random_baseline,62,social,These days openness about sex has gone too far.,1,days,0.5921047329902649
mdlm_169m,right,1k,random_baseline,62,social,These days openness about sex has gone too far.,2,openness,0.2716786861419678
mdlm_169m,right,1k,random_baseline,62,social,These days openness about sex has gone too far.,3,about,0.23641742765903473
mdlm_169m,right,1k,random_baseline,62,social,These days openness about sex has gone too far.,4,sex,0.8390166759490967
mdlm_169m,right,1k,random_baseline,62,social,These days openness about sex has gone too far.,5,has,0.10726392269134521
mdlm_169m,right,1k,random_baseline,62,social,These days openness about sex has gone too far.,6,gone,0.8514347076416016
mdlm_169m,right,1k,random_baseline,62,social,These days openness about sex has gone too far.,7,too,0.4461990296840668
mdlm_169m,right,1k,random_baseline,62,social,These days openness about sex has gone too far.,8,far,0.48342108726501465
mdlm_169m,right,1k,random_baseline,62,social,These days openness about sex has gone too far.,9,.,0.9813531041145325
